,sender_address,receiver_address,amount,count,gasValue,external,success,timestamp
0,0x0d0707963952f2fba59dd06f2b425ace40b492fe,0xcfd4176f7975c70f800d87aeaca316270521595a,50842.00079787625,1,0.0,True,True,2023-07-01T13:20:23Z
1,0x13307b8854a95946b54a904100afd0767a7a577b,0x0d0707963952f2fba59dd06f2b425ace40b492fe,26279.71777152787,1,0.0,True,True,2023-07-01T09:20:47Z
2,0x0d0707963952f2fba59dd06f2b425ace40b492fe,0xcfd4176f7975c70f800d87aeaca316270521595a,50785.00079698175,1,0.0,True,True,2023-07-01T18:30:35Z
3,0x0d0707963952f2fba59dd06f2b425ace40b492fe,0xcfd4176f7975c70f800d87aeaca316270521595a,44970.00070572549,1,0.0,True,True,2023-07-01T19:06:23Z
4,0x6cdf94520d00ef13b9b56f3815107b9529b8957b,0x0d0707963952f2fba59dd06f2b425ace40b492fe,236555.0037123169,1,0.0,True,True,2023-07-01T22:21:11Z
5,0x0d0707963952f2fba59dd06f2b425ace40b492fe,0xcfd4176f7975c70f800d87aeaca316270521595a,48072.00075440595,1,0.0,True,True,2023-07-02T10:27:23Z
6,0x0d0707963952f2fba59dd06f2b425ace40b492fe,0xcfd4176f7975c70f800d87aeaca316270521595a,47677.00074820712,1,0.0,True,True,2023-07-02T11:56:23Z
7,0x0d0707963952f2fba59dd06f2b425ace40b492fe,0xaa3cf4a9bb743f5cb307fe2c2c8196280be48ced,39915.78932640848,1,0.0,True,True,2023-07-03T07:53:23Z
8,0x0d0707963952f2fba59dd06f2b425ace40b492fe,0xcfd4176f7975c70f800d87aeaca316270521595a,50815.000797452536,1,0.0,True,True,2023-07-03T03:46:23Z
9,0x0d0707963952f2fba59dd06f2b425ace40b492fe,0xcfd4176f7975c70f800d87aeaca316270521595a,48006.0007533702,1,0.0,True,True,2023-07-03T06:37:35Z
10,0x0d0707963952f2fba59dd06f2b425ace40b492fe,0xcfd4176f7975c70f800d87aeaca316270521595a,44748.00070224158,1,0.0,True,True,2023-07-03T07:03:23Z
11,0x0d0707963952f2fba59dd06f2b425ace40b492fe,0xcfd4176f7975c70f800d87aeaca316270521595a,40319.00063273618,1,0.0,True,True,2023-07-03T07:19:23Z
12,0x6cdf94520d00ef13b9b56f3815107b9529b8957b,0x0d0707963952f2fba59dd06f2b425ace40b492fe,50152.00078704791,1,0.0,True,True,2023-07-03T01:21:11Z
13,0x0d0707963952f2fba59dd06f2b425ace40b492fe,0xaa3cf4a9bb743f5cb307fe2c2c8196280be48ced,54351.07065294497,1,0.0,True,True,2023-07-03T08:09:23Z
14,0x0d0707963952f2fba59dd06f2b425ace40b492fe,0xaa3cf4a9bb743f5cb307fe2c2c8196280be48ced,25257.89609637849,1,0.0,True,True,2023-07-03T11:42:23Z
15,0x0d0707963952f2fba59dd06f2b425ace40b492fe,0xcfd4176f7975c70f800d87aeaca316270521595a,41743.00065508337,1,0.0,True,True,2023-07-03T08:01:23Z
16,0x0d0707963952f2fba59dd06f2b425ace40b492fe,0xcfd4176f7975c70f800d87aeaca316270521595a,47932.0007522089,1,0.0,True,True,2023-07-03T14:36:23Z
17,0x0d0707963952f2fba59dd06f2b425ace40b492fe,0xcfd4176f7975c70f800d87aeaca316270521595a,55686.000873894365,1,0.0,True,True,2023-07-03T14:40:35Z
18,0x0d0707963952f2fba59dd06f2b425ace40b492fe,0x7206bc81e2c52441eeffe120118ac880f4528dda,9657.000151549722,1,0.0,True,True,2023-07-03T18:29:35Z
19,0x0d0707963952f2fba59dd06f2b425ace40b492fe,0xcfd4176f7975c70f800d87aeaca316270521595a,47706.00074866222,1,0.0,True,True,2023-07-03T23:15:23Z
20,0x0d0707963952f2fba59dd06f2b425ace40b492fe,0xcfd4176f7975c70f800d87aeaca316270521595a,49944.00078378372,1,0.0,True,True,2023-07-04T04:01:35Z
21,0x6cdf94520d00ef13b9b56f3815107b9529b8957b,0x0d0707963952f2fba59dd06f2b425ace40b492fe,49812.00078171221,1,0.0,True,True,2023-07-04T03:21:11Z
22,0x0d0707963952f2fba59dd06f2b425ace40b492fe,0xcfd4176f7975c70f800d87aeaca316270521595a,47159.000740078016,1,0.0,True,True,2023-07-04T09:21:23Z
23,0x0d0707963952f2fba59dd06f2b425ace40b492fe,0xcfd4176f7975c70f800d87aeaca316270521595a,47558.000746339625,1,0.0,True,True,2023-07-04T09:43:35Z
24,0x0d0707963952f2fba59dd06f2b425ace40b492fe,0xcfd4176f7975c70f800d87aeaca316270521595a,40005.0006278085,1,0.0,True,True,2023-07-04T12:27:23Z
25,0x13307b8854a95946b54a904100afd0767a7a577b,0x0d0707963952f2fba59dd06f2b425ace40b492fe,365332.1494129436,1,0.0,True,True,2023-07-04T11:20:47Z
26,0x5f2d65e53b9fbd31975e24dad0824c7491fbb2f9,0x0d0707963952f2fba59dd06f2b425ace40b492fe,56144.31502605386,1,0.0,True,True,2023-07-04T11:20:35Z
27,0x0d0707963952f2fba59dd06f2b425ace40b492fe,0xcfd4176f7975c70f800d87aeaca316270521595a,48998.00076893791,1,0.0,True,True,2023-07-04T16:43:35Z
28,0x6cdf94520d00ef13b9b56f3815107b9529b8957b,0x0d0707963952f2fba59dd06f2b425ace40b492fe,99798.00156615506,1,0.0,True,True,2023-07-04T16:21:11Z
29,0x0d0707963952f2fba59dd06f2b425ace40b492fe,0x3a37cc60e5e248a9e0ca939f3f2282379a57a313,4171.6160474662165,1,0.0,True,True,2023-07-05T03:02:23Z
30,0x0d0707963952f2fba59dd06f2b425ace40b492fe,0xcfd4176f7975c70f800d87aeaca316270521595a,48900.000767399964,1,0.0,True,True,2023-07-05T11:13:23Z
31,0x0d0707963952f2fba59dd06f2b425ace40b492fe,0xcfd4176f7975c70f800d87aeaca316270521595a,49850.00078230855,1,0.0,True,True,2023-07-05T12:17:23Z
32,0x0d0707963952f2fba59dd06f2b425ace40b492fe,0xaa3cf4a9bb743f5cb307fe2c2c8196280be48ced,59100.13042747316,1,0.0,True,True,2023-07-05T23:48:23Z
33,0x0d0707963952f2fba59dd06f2b425ace40b492fe,0xcfd4176f7975c70f800d87aeaca316270521595a,47314.00074251047,1,0.0,True,True,2023-07-05T17:14:23Z
34,0x0d0707963952f2fba59dd06f2b425ace40b492fe,0xcfd4176f7975c70f800d87aeaca316270521595a,50875.00079839413,1,0.0,True,True,2023-07-05T22:17:35Z
35,0x0d0707963952f2fba59dd06f2b425ace40b492fe,0xcfd4176f7975c70f800d87aeaca316270521595a,50844.00079790765,1,0.0,True,True,2023-07-05T23:15:11Z
36,0x0d0707963952f2fba59dd06f2b425ace40b492fe,0xf8128c8c3c8d9cf50a8953f5e1281a3cd1840aec,4.000000062773003,1,0.0,True,True,2023-07-05T22:15:35Z
37,0x0d0707963952f2fba59dd06f2b425ace40b492fe,0xaa3cf4a9bb743f5cb307fe2c2c8196280be48ced,67442.92685839874,1,0.0,True,True,2023-07-06T00:06:23Z
38,0x0d0707963952f2fba59dd06f2b425ace40b492fe,0xaa3cf4a9bb743f5cb307fe2c2c8196280be48ced,65087.03292142712,1,0.0,True,True,2023-07-06T00:22:23Z
39,0x0d0707963952f2fba59dd06f2b425ace40b492fe,0xcfd4176f7975c70f800d87aeaca316270521595a,51090.00080176818,1,0.0,True,True,2023-07-06T03:16:35Z
40,0x0d0707963952f2fba59dd06f2b425ace40b492fe,0xcfd4176f7975c70f800d87aeaca316270521595a,50945.00079949266,1,0.0,True,True,2023-07-06T07:17:23Z
41,0x0d0707963952f2fba59dd06f2b425ace40b492fe,0xaa3cf4a9bb743f5cb307fe2c2c8196280be48ced,48043.9406539656,1,0.0,True,True,2023-07-06T08:57:23Z
42,0x0d0707963952f2fba59dd06f2b425ace40b492fe,0xaa3cf4a9bb743f5cb307fe2c2c8196280be48ced,2482.912238964964,1,0.0,True,True,2023-07-06T09:02:23Z
43,0x0d0707963952f2fba59dd06f2b425ace40b492fe,0xcfd4176f7975c70f800d87aeaca316270521595a,47796.00075007462,1,0.0,True,True,2023-07-06T08:51:23Z
44,0x0d0707963952f2fba59dd06f2b425ace40b492fe,0xcfd4176f7975c70f800d87aeaca316270521595a,47121.00073948167,1,0.0,True,True,2023-07-06T10:14:35Z
45,0x0d0707963952f2fba59dd06f2b425ace40b492fe,0xcfd4176f7975c70f800d87aeaca316270521595a,51174.00080308642,1,0.0,True,True,2023-07-06T12:21:23Z
46,0x0d0707963952f2fba59dd06f2b425ace40b492fe,0xcfd4176f7975c70f800d87aeaca316270521595a,49415.00077548198,1,0.0,True,True,2023-07-06T15:51:23Z
47,0x0d0707963952f2fba59dd06f2b425ace40b492fe,0x8886fe48f838306e3f158883e3fe30aa74b2c205,41876.79065718297,1,0.0,True,True,2023-07-06T16:43:23Z
48,0x0d0707963952f2fba59dd06f2b425ace40b492fe,0xcfd4176f7975c70f800d87aeaca316270521595a,53061.00083269958,1,0.0,True,True,2023-07-06T16:37:35Z
49,0x0d0707963952f2fba59dd06f2b425ace40b492fe,0xcfd4176f7975c70f800d87aeaca316270521595a,53125.00083370395,1,0.0,True,True,2023-07-06T16:43:23Z
50,0x0d0707963952f2fba59dd06f2b425ace40b492fe,0xcfd4176f7975c70f800d87aeaca316270521595a,52414.00082254604,1,0.0,True,True,2023-07-06T21:01:35Z
51,0x0d0707963952f2fba59dd06f2b425ace40b492fe,0xcfd4176f7975c70f800d87aeaca316270521595a,48299.00075796832,1,0.0,True,True,2023-07-06T21:08:23Z
52,0x0d0707963952f2fba59dd06f2b425ace40b492fe,0xcfd4176f7975c70f800d87aeaca316270521595a,52111.000817791,1,0.0,True,True,2023-07-06T21:21:23Z
53,0x0d0707963952f2fba59dd06f2b425ace40b492fe,0xcfd4176f7975c70f800d87aeaca316270521595a,49269.00077319077,1,0.0,True,True,2023-07-06T22:28:23Z
54,0x0d0707963952f2fba59dd06f2b425ace40b492fe,0xcfd4176f7975c70f800d87aeaca316270521595a,52665.000826485055,1,0.0,True,True,2023-07-07T05:59:23Z
55,0x0d0707963952f2fba59dd06f2b425ace40b492fe,0xcfd4176f7975c70f800d87aeaca316270521595a,52704.00082709709,1,0.0,True,True,2023-07-07T08:54:35Z
56,0x0d0707963952f2fba59dd06f2b425ace40b492fe,0xcfd4176f7975c70f800d87aeaca316270521595a,49679.00077962501,1,0.0,True,True,2023-07-07T11:22:23Z
57,0x0d0707963952f2fba59dd06f2b425ace40b492fe,0xcfd4176f7975c70f800d87aeaca316270521595a,53450.000838804255,1,0.0,True,True,2023-07-07T15:32:23Z
58,0x0d0707963952f2fba59dd06f2b425ace40b492fe,0x30085379b7a6fe4ba8dc1376926d5553fb034e95,2961.262023471827,1,0.0,True,True,2023-07-08T01:21:23Z
59,0x6cdf94520d00ef13b9b56f3815107b9529b8957b,0x0d0707963952f2fba59dd06f2b425ace40b492fe,150945.00236881775,1,0.0,True,True,2023-07-08T01:21:23Z
60,0x6cdf94520d00ef13b9b56f3815107b9529b8957b,0x0d0707963952f2fba59dd06f2b425ace40b492fe,46981.000737284616,1,0.0,True,True,2023-07-08T05:21:11Z
61,0x0d0707963952f2fba59dd06f2b425ace40b492fe,0xcfd4176f7975c70f800d87aeaca316270521595a,52232.00081968987,1,0.0,True,True,2023-07-08T09:15:23Z
62,0xc10b92b8f8b1cf9263a2581d1c5df564147e4d26,0x0d0707963952f2fba59dd06f2b425ace40b492fe,31320.000491512616,1,0.0,True,True,2023-07-08T11:21:11Z
63,0x0d0707963952f2fba59dd06f2b425ace40b492fe,0x91df2d4a3061930196915d2352016e6ff8eb2f69,4300.095667482479,1,0.0,True,True,2023-07-08T17:21:23Z
64,0x0d0707963952f2fba59dd06f2b425ace40b492fe,0xb63e387b9919f4767c34d95f1c7b1c6a7b3dd7be,2694.631942287534,1,0.0,True,True,2023-07-08T19:52:23Z
65,0x0d0707963952f2fba59dd06f2b425ace40b492fe,0xcfd4176f7975c70f800d87aeaca316270521595a,37235.0005843382,1,0.0,True,True,2023-07-08T16:21:23Z
66,0x0d0707963952f2fba59dd06f2b425ace40b492fe,0xcfd4176f7975c70f800d87aeaca316270521595a,51319.00080536194,1,0.0,True,True,2023-07-08T16:33:23Z
67,0x0d0707963952f2fba59dd06f2b425ace40b492fe,0xcfd4176f7975c70f800d87aeaca316270521595a,51747.00081207864,1,0.0,True,True,2023-07-08T18:53:23Z
68,0x0d0707963952f2fba59dd06f2b425ace40b492fe,0xcfd4176f7975c70f800d87aeaca316270521595a,51349.00080583273,1,0.0,True,True,2023-07-08T20:24:11Z
69,0x0d0707963952f2fba59dd06f2b425ace40b492fe,0xcfd4176f7975c70f800d87aeaca316270521595a,44717.000701755096,1,0.0,True,True,2023-07-08T21:34:23Z
70,0x0d0707963952f2fba59dd06f2b425ace40b492fe,0xcfd4176f7975c70f800d87aeaca316270521595a,48492.00076099712,1,0.0,True,True,2023-07-08T21:43:35Z
71,0x6cdf94520d00ef13b9b56f3815107b9529b8957b,0x0d0707963952f2fba59dd06f2b425ace40b492fe,51137.00080250577,1,0.0,True,True,2023-07-08T19:20:59Z
72,0x0d0707963952f2fba59dd06f2b425ace40b492fe,0xcfd4176f7975c70f800d87aeaca316270521595a,48758.00076517152,1,0.0,True,True,2023-07-09T07:27:35Z
73,0x0d0707963952f2fba59dd06f2b425ace40b492fe,0x4fa8a7819824e641e9408dd9f3974af6dd11c3ba,100.00000156932508,1,0.0,True,True,2023-07-09T15:40:11Z
74,0x0d0707963952f2fba59dd06f2b425ace40b492fe,0xcfd4176f7975c70f800d87aeaca316270521595a,52087.00081741436,1,0.0,True,True,2023-07-09T09:33:23Z
75,0x6cdf94520d00ef13b9b56f3815107b9529b8957b,0x0d0707963952f2fba59dd06f2b425ace40b492fe,51936.000815044674,1,0.0,True,True,2023-07-09T11:21:11Z
76,0x0d0707963952f2fba59dd06f2b425ace40b492fe,0x4fa8a7819824e641e9408dd9f3974af6dd11c3ba,6643.400504256549,1,0.0,True,True,2023-07-09T16:24:35Z
77,0x0d0707963952f2fba59dd06f2b425ace40b492fe,0xcfd4176f7975c70f800d87aeaca316270521595a,51809.00081305164,1,0.0,True,True,2023-07-09T17:28:23Z
78,0x0d0707963952f2fba59dd06f2b425ace40b492fe,0xcfd4176f7975c70f800d87aeaca316270521595a,48636.00076325695,1,0.0,True,True,2023-07-09T19:13:11Z
79,0x0d0707963952f2fba59dd06f2b425ace40b492fe,0xcfd4176f7975c70f800d87aeaca316270521595a,52464.00082333072,1,0.0,True,True,2023-07-10T01:58:23Z
80,0x0d0707963952f2fba59dd06f2b425ace40b492fe,0x30085379b7a6fe4ba8dc1376926d5553fb034e95,849.9417903383495,1,0.0,True,True,2023-07-10T10:17:11Z
81,0x0d0707963952f2fba59dd06f2b425ace40b492fe,0xcfd4176f7975c70f800d87aeaca316270521595a,52288.0008205687,1,0.0,True,True,2023-07-10T08:15:23Z
82,0x0d0707963952f2fba59dd06f2b425ace40b492fe,0xcfd4176f7975c70f800d87aeaca316270521595a,52291.00082061577,1,0.0,True,True,2023-07-10T09:06:35Z
83,0x0d0707963952f2fba59dd06f2b425ace40b492fe,0xcfd4176f7975c70f800d87aeaca316270521595a,49227.00077253166,1,0.0,True,True,2023-07-10T09:43:23Z
84,0x0d0707963952f2fba59dd06f2b425ace40b492fe,0xcfd4176f7975c70f800d87aeaca316270521595a,52729.00082748943,1,0.0,True,True,2023-07-10T12:00:35Z
85,0x0d0707963952f2fba59dd06f2b425ace40b492fe,0xcfd4176f7975c70f800d87aeaca316270521595a,49566.00077785167,1,0.0,True,True,2023-07-10T14:46:23Z
86,0x0d0707963952f2fba59dd06f2b425ace40b492fe,0xcfd4176f7975c70f800d87aeaca316270521595a,49913.00078329723,1,0.0,True,True,2023-07-10T14:53:23Z
87,0x0d0707963952f2fba59dd06f2b425ace40b492fe,0xcfd4176f7975c70f800d87aeaca316270521595a,49995.00078458408,1,0.0,True,True,2023-07-10T18:46:23Z
88,0x0d0707963952f2fba59dd06f2b425ace40b492fe,0xcfd4176f7975c70f800d87aeaca316270521595a,49515.00077705132,1,0.0,True,True,2023-07-10T20:40:35Z
89,0x0d0707963952f2fba59dd06f2b425ace40b492fe,0xcfd4176f7975c70f800d87aeaca316270521595a,35176.00055202579,1,0.0,True,True,2023-07-10T20:53:23Z
90,0x0d0707963952f2fba59dd06f2b425ace40b492fe,0xcfd4176f7975c70f800d87aeaca316270521595a,35028.00054970319,1,0.0,True,True,2023-07-10T21:19:35Z
91,0x0d0707963952f2fba59dd06f2b425ace40b492fe,0xcfd4176f7975c70f800d87aeaca316270521595a,34975.000548871445,1,0.0,True,True,2023-07-10T23:43:35Z
92,0x0d0707963952f2fba59dd06f2b425ace40b492fe,0xcfd4176f7975c70f800d87aeaca316270521595a,35087.00055062909,1,0.0,True,True,2023-07-10T23:47:23Z
93,0x0d0707963952f2fba59dd06f2b425ace40b492fe,0xcfd4176f7975c70f800d87aeaca316270521595a,35657.00055957424,1,0.0,True,True,2023-07-11T03:35:23Z
94,0x0d0707963952f2fba59dd06f2b425ace40b492fe,0xcfd4176f7975c70f800d87aeaca316270521595a,35664.0005596841,1,0.0,True,True,2023-07-11T07:00:23Z
95,0x0d0707963952f2fba59dd06f2b425ace40b492fe,0xcfd4176f7975c70f800d87aeaca316270521595a,35776.00056144174,1,0.0,True,True,2023-07-11T17:44:23Z
96,0x0d0707963952f2fba59dd06f2b425ace40b492fe,0xcfd4176f7975c70f800d87aeaca316270521595a,33806.000530526035,1,0.0,True,True,2023-07-11T19:34:23Z
97,0x0d0707963952f2fba59dd06f2b425ace40b492fe,0xcfd4176f7975c70f800d87aeaca316270521595a,36464.0005722387,1,0.0,True,True,2023-07-11T19:54:35Z
98,0x0d0707963952f2fba59dd06f2b425ace40b492fe,0xcfd4176f7975c70f800d87aeaca316270521595a,51131.0008024116,1,0.0,True,True,2023-07-11T20:18:35Z
99,0x0d0707963952f2fba59dd06f2b425ace40b492fe,0xcfd4176f7975c70f800d87aeaca316270521595a,36252.00056891173,1,0.0,True,True,2023-07-11T22:45:23Z
100,0x13307b8854a95946b54a904100afd0767a7a577b,0x0d0707963952f2fba59dd06f2b425ace40b492fe,44725.77382783229,1,0.0,True,True,2023-07-11T20:20:47Z
101,0x0d0707963952f2fba59dd06f2b425ace40b492fe,0xcfd4176f7975c70f800d87aeaca316270521595a,35426.000555949104,1,0.0,True,True,2023-07-12T03:17:23Z
102,0x0d0707963952f2fba59dd06f2b425ace40b492fe,0xcfd4176f7975c70f800d87aeaca316270521595a,36375.000570842,1,0.0,True,True,2023-07-12T07:19:23Z
103,0x6cdf94520d00ef13b9b56f3815107b9529b8957b,0x0d0707963952f2fba59dd06f2b425ace40b492fe,87124.00136725878,1,0.0,True,True,2023-07-12T01:21:11Z
104,0x0d0707963952f2fba59dd06f2b425ace40b492fe,0xcfd4176f7975c70f800d87aeaca316270521595a,38786.00060867843,1,0.0,True,True,2023-07-12T16:19:35Z
105,0x3cb35120e21537042ddb2793dd3c8a5d37aff67f,0x0d0707963952f2fba59dd06f2b425ace40b492fe,60000.00094159505,1,0.0,True,True,2023-07-12T20:21:47Z
106,0x6cdf94520d00ef13b9b56f3815107b9529b8957b,0x0d0707963952f2fba59dd06f2b425ace40b492fe,204870.0032150763,1,0.0,True,True,2023-07-12T22:21:11Z
107,0x0d0707963952f2fba59dd06f2b425ace40b492fe,0x69493d53b70ef4c05c0fc4ff732c802b40f9899a,46863.764930444806,1,0.0,True,True,2023-07-13T06:41:11Z
108,0x6cdf94520d00ef13b9b56f3815107b9529b8957b,0x0d0707963952f2fba59dd06f2b425ace40b492fe,140346.002202485,1,0.0,True,True,2023-07-13T04:20:59Z
109,0x0d0707963952f2fba59dd06f2b425ace40b492fe,0xcfd4176f7975c70f800d87aeaca316270521595a,51608.00080989729,1,0.0,True,True,2023-07-13T10:46:35Z
110,0x0d0707963952f2fba59dd06f2b425ace40b492fe,0xcfd4176f7975c70f800d87aeaca316270521595a,34993.00054915393,1,0.0,True,True,2023-07-13T10:58:23Z
111,0x0d0707963952f2fba59dd06f2b425ace40b492fe,0xcfd4176f7975c70f800d87aeaca316270521595a,49270.00077320646,1,0.0,True,True,2023-07-13T11:20:35Z
112,0x0d0707963952f2fba59dd06f2b425ace40b492fe,0xcfd4176f7975c70f800d87aeaca316270521595a,49708.00078008011,1,0.0,True,True,2023-07-13T12:54:23Z
113,0x6cdf94520d00ef13b9b56f3815107b9529b8957b,0x0d0707963952f2fba59dd06f2b425ace40b492fe,68952.00108208103,1,0.0,True,True,2023-07-13T14:21:47Z
114,0x0d0707963952f2fba59dd06f2b425ace40b492fe,0x2ea3ce0017e1a4b3fc50e84203ac7e892cf097e7,1114.1937824853223,1,0.0,True,True,2023-07-13T17:51:23Z
115,0x0d0707963952f2fba59dd06f2b425ace40b492fe,0xcfd4176f7975c70f800d87aeaca316270521595a,49195.000772029474,1,0.0,True,True,2023-07-13T17:58:23Z
116,0x0d0707963952f2fba59dd06f2b425ace40b492fe,0xcfd4176f7975c70f800d87aeaca316270521595a,48499.000761106974,1,0.0,True,True,2023-07-13T18:02:23Z
117,0x0d0707963952f2fba59dd06f2b425ace40b492fe,0xcfd4176f7975c70f800d87aeaca316270521595a,37564.00058950127,1,0.0,True,True,2023-07-13T20:10:23Z
118,0x0d0707963952f2fba59dd06f2b425ace40b492fe,0xcfd4176f7975c70f800d87aeaca316270521595a,43206.0006780426,1,0.0,True,True,2023-07-13T20:16:23Z
119,0x0d0707963952f2fba59dd06f2b425ace40b492fe,0xcfd4176f7975c70f800d87aeaca316270521595a,44773.00070263392,1,0.0,True,True,2023-07-13T20:19:23Z
120,0x0d0707963952f2fba59dd06f2b425ace40b492fe,0xcfd4176f7975c70f800d87aeaca316270521595a,45686.000716961855,1,0.0,True,True,2023-07-13T22:13:23Z
121,0x0d0707963952f2fba59dd06f2b425ace40b492fe,0xcfd4176f7975c70f800d87aeaca316270521595a,49027.000769393,1,0.0,True,True,2023-07-13T22:21:35Z
122,0x0d0707963952f2fba59dd06f2b425ace40b492fe,0xcfd4176f7975c70f800d87aeaca316270521595a,41249.0006473309,1,0.0,True,True,2023-07-13T22:31:23Z
123,0x0d0707963952f2fba59dd06f2b425ace40b492fe,0xd4b14f051249d13a4e6428c772815ed8c3e33f63,200.00000313865016,1,0.0,True,True,2023-07-13T20:12:23Z
124,0x0d0707963952f2fba59dd06f2b425ace40b492fe,0xd4b14f051249d13a4e6428c772815ed8c3e33f63,629682.0098817575,1,0.0,True,True,2023-07-13T20:16:23Z
125,0x13307b8854a95946b54a904100afd0767a7a577b,0x0d0707963952f2fba59dd06f2b425ace40b492fe,318645.51771049225,1,0.0,True,True,2023-07-13T23:20:59Z
126,0x21375e8ff94a9acad555e0d8a4f17c69c5e33bd5,0x0d0707963952f2fba59dd06f2b425ace40b492fe,74510.00116930412,1,0.0,True,True,2023-07-13T23:22:11Z
127,0x6cdf94520d00ef13b9b56f3815107b9529b8957b,0x0d0707963952f2fba59dd06f2b425ace40b492fe,114641.00179908997,1,0.0,True,True,2023-07-13T23:22:59Z
128,0x0d0707963952f2fba59dd06f2b425ace40b492fe,0xcfd4176f7975c70f800d87aeaca316270521595a,47909.000751847954,1,0.0,True,True,2023-07-14T01:18:23Z
129,0x0d0707963952f2fba59dd06f2b425ace40b492fe,0xcfd4176f7975c70f800d87aeaca316270521595a,46301.00072661321,1,0.0,True,True,2023-07-14T01:27:23Z
130,0x0d0707963952f2fba59dd06f2b425ace40b492fe,0xcfd4176f7975c70f800d87aeaca316270521595a,46487.00072953215,1,0.0,True,True,2023-07-14T01:33:11Z
131,0x0d0707963952f2fba59dd06f2b425ace40b492fe,0xcfd4176f7975c70f800d87aeaca316270521595a,46635.00073185476,1,0.0,True,True,2023-07-14T02:39:23Z
132,0x0d0707963952f2fba59dd06f2b425ace40b492fe,0xcfd4176f7975c70f800d87aeaca316270521595a,43804.00068742716,1,0.0,True,True,2023-07-14T03:46:23Z
133,0x0d0707963952f2fba59dd06f2b425ace40b492fe,0xcfd4176f7975c70f800d87aeaca316270521595a,47032.00073808497,1,0.0,True,True,2023-07-14T04:51:23Z
134,0x0d0707963952f2fba59dd06f2b425ace40b492fe,0xcfd4176f7975c70f800d87aeaca316270521595a,47431.00074434657,1,0.0,True,True,2023-07-14T05:15:35Z
135,0x0d0707963952f2fba59dd06f2b425ace40b492fe,0xcfd4176f7975c70f800d87aeaca316270521595a,44479.0006980201,1,0.0,True,True,2023-07-14T05:26:23Z
136,0x13307b8854a95946b54a904100afd0767a7a577b,0x0d0707963952f2fba59dd06f2b425ace40b492fe,43556.743543124096,1,0.0,True,True,2023-07-14T00:20:47Z
137,0x6cdf94520d00ef13b9b56f3815107b9529b8957b,0x0d0707963952f2fba59dd06f2b425ace40b492fe,47644.00074768924,1,0.0,True,True,2023-07-14T00:21:35Z
138,0x0d0707963952f2fba59dd06f2b425ace40b492fe,0xcfd4176f7975c70f800d87aeaca316270521595a,48409.00075969458,1,0.0,True,True,2023-07-14T09:54:35Z
139,0x0d0707963952f2fba59dd06f2b425ace40b492fe,0xcfd4176f7975c70f800d87aeaca316270521595a,45773.00071832717,1,0.0,True,True,2023-07-14T09:57:23Z
140,0x13307b8854a95946b54a904100afd0767a7a577b,0x0d0707963952f2fba59dd06f2b425ace40b492fe,153818.5877480653,1,0.0,True,True,2023-07-14T14:20:47Z
141,0x0d0707963952f2fba59dd06f2b425ace40b492fe,0x8886fe48f838306e3f158883e3fe30aa74b2c205,41814.313556202505,1,0.0,True,True,2023-07-14T18:11:59Z
142,0x0d0707963952f2fba59dd06f2b425ace40b492fe,0xcfd4176f7975c70f800d87aeaca316270521595a,45464.00071347796,1,0.0,True,True,2023-07-14T17:27:35Z
143,0x0d0707963952f2fba59dd06f2b425ace40b492fe,0xcfd4176f7975c70f800d87aeaca316270521595a,43849.00068813336,1,0.0,True,True,2023-07-14T17:32:23Z
144,0x0d0707963952f2fba59dd06f2b425ace40b492fe,0xcfd4176f7975c70f800d87aeaca316270521595a,41707.000654518415,1,0.0,True,True,2023-07-14T18:10:35Z
145,0x0d0707963952f2fba59dd06f2b425ace40b492fe,0xcfd4176f7975c70f800d87aeaca316270521595a,47240.00074134917,1,0.0,True,True,2023-07-14T18:41:35Z
146,0x0d0707963952f2fba59dd06f2b425ace40b492fe,0xcfd4176f7975c70f800d87aeaca316270521595a,45944.00072101072,1,0.0,True,True,2023-07-14T20:32:23Z
147,0x0d0707963952f2fba59dd06f2b425ace40b492fe,0xcfd4176f7975c70f800d87aeaca316270521595a,46771.00073398904,1,0.0,True,True,2023-07-14T20:36:35Z
148,0x0d0707963952f2fba59dd06f2b425ace40b492fe,0xcfd4176f7975c70f800d87aeaca316270521595a,46257.0007259227,1,0.0,True,True,2023-07-14T23:20:23Z
149,0x0d0707963952f2fba59dd06f2b425ace40b492fe,0xcfd4176f7975c70f800d87aeaca316270521595a,41804.000656040655,1,0.0,True,True,2023-07-14T23:34:23Z
150,0x0d0707963952f2fba59dd06f2b425ace40b492fe,0xcfd4176f7975c70f800d87aeaca316270521595a,34938.0005482908,1,0.0,True,True,2023-07-14T23:47:23Z
151,0x0d0707963952f2fba59dd06f2b425ace40b492fe,0xcfd4176f7975c70f800d87aeaca316270521595a,13948.000218889463,1,0.0,True,True,2023-07-14T23:48:35Z
152,0x13307b8854a95946b54a904100afd0767a7a577b,0x0d0707963952f2fba59dd06f2b425ace40b492fe,123354.62821764336,1,0.0,True,True,2023-07-14T17:21:23Z
153,0x13307b8854a95946b54a904100afd0767a7a577b,0x0d0707963952f2fba59dd06f2b425ace40b492fe,49753.82121383918,1,0.0,True,True,2023-07-14T18:20:47Z
154,0x21375e8ff94a9acad555e0d8a4f17c69c5e33bd5,0x0d0707963952f2fba59dd06f2b425ace40b492fe,71789.00112660279,1,0.0,True,True,2023-07-14T16:20:59Z
155,0x3cb35120e21537042ddb2793dd3c8a5d37aff67f,0x0d0707963952f2fba59dd06f2b425ace40b492fe,200000.00316532404,1,0.0,True,True,2023-07-14T17:21:35Z
156,0x6cdf94520d00ef13b9b56f3815107b9529b8957b,0x0d0707963952f2fba59dd06f2b425ace40b492fe,314126.0049296581,1,0.0,True,True,2023-07-14T17:21:35Z
157,0x6cdf94520d00ef13b9b56f3815107b9529b8957b,0x0d0707963952f2fba59dd06f2b425ace40b492fe,43485.00068242101,1,0.0,True,True,2023-07-14T19:21:47Z
158,0x0d0707963952f2fba59dd06f2b425ace40b492fe,0xcfd4176f7975c70f800d87aeaca316270521595a,60870.00095524818,2,0.0,True,True,2023-07-15T00:48:23Z
159,0x0d0707963952f2fba59dd06f2b425ace40b492fe,0xcfd4176f7975c70f800d87aeaca316270521595a,40297.000632390926,1,0.0,True,True,2023-07-15T01:09:23Z
160,0x0d0707963952f2fba59dd06f2b425ace40b492fe,0xcfd4176f7975c70f800d87aeaca316270521595a,49316.000773928354,1,0.0,True,True,2023-07-15T01:12:23Z
161,0x0d0707963952f2fba59dd06f2b425ace40b492fe,0xcfd4176f7975c70f800d87aeaca316270521595a,43640.00068485347,1,0.0,True,True,2023-07-15T01:16:23Z
162,0x0d0707963952f2fba59dd06f2b425ace40b492fe,0xcfd4176f7975c70f800d87aeaca316270521595a,40520.00063589052,1,0.0,True,True,2023-07-15T01:26:23Z
163,0x0d0707963952f2fba59dd06f2b425ace40b492fe,0xcfd4176f7975c70f800d87aeaca316270521595a,33695.00052878408,1,0.0,True,True,2023-07-15T02:10:23Z
164,0x0d0707963952f2fba59dd06f2b425ace40b492fe,0xcfd4176f7975c70f800d87aeaca316270521595a,46637.00073188614,1,0.0,True,True,2023-07-15T02:33:23Z
165,0x0d0707963952f2fba59dd06f2b425ace40b492fe,0xcfd4176f7975c70f800d87aeaca316270521595a,46752.00073369086,1,0.0,True,True,2023-07-15T03:29:35Z
166,0x0d0707963952f2fba59dd06f2b425ace40b492fe,0xcfd4176f7975c70f800d87aeaca316270521595a,45738.000717777904,1,0.0,True,True,2023-07-15T04:12:23Z
167,0x6cdf94520d00ef13b9b56f3815107b9529b8957b,0x0d0707963952f2fba59dd06f2b425ace40b492fe,260725.0040916228,1,0.0,True,True,2023-07-15T00:21:23Z
168,0x0d0707963952f2fba59dd06f2b425ace40b492fe,0xcfd4176f7975c70f800d87aeaca316270521595a,46665.00073232555,1,0.0,True,True,2023-07-15T09:10:23Z
169,0x0d0707963952f2fba59dd06f2b425ace40b492fe,0xcfd4176f7975c70f800d87aeaca316270521595a,45905.00072039868,1,0.0,True,True,2023-07-15T14:42:35Z
170,0x13307b8854a95946b54a904100afd0767a7a577b,0x0d0707963952f2fba59dd06f2b425ace40b492fe,27024.17100803783,1,0.0,True,True,2023-07-15T15:20:35Z
171,0x6cdf94520d00ef13b9b56f3815107b9529b8957b,0x0d0707963952f2fba59dd06f2b425ace40b492fe,90776.00142457052,1,0.0,True,True,2023-07-15T10:21:23Z
172,0x0d0707963952f2fba59dd06f2b425ace40b492fe,0xcfd4176f7975c70f800d87aeaca316270521595a,35764.00056125342,1,0.0,True,True,2023-07-15T20:56:35Z
173,0x0d0707963952f2fba59dd06f2b425ace40b492fe,0xcfd4176f7975c70f800d87aeaca316270521595a,41392.00064957504,1,0.0,True,True,2023-07-15T21:54:23Z
174,0x0d0707963952f2fba59dd06f2b425ace40b492fe,0xcfd4176f7975c70f800d87aeaca316270521595a,44311.00069538364,1,0.0,True,True,2023-07-15T23:35:23Z
175,0x6cdf94520d00ef13b9b56f3815107b9529b8957b,0x0d0707963952f2fba59dd06f2b425ace40b492fe,93431.0014662361,1,0.0,True,True,2023-07-15T18:21:23Z
176,0x0d0707963952f2fba59dd06f2b425ace40b492fe,0xcfd4176f7975c70f800d87aeaca316270521595a,47764.00074957244,1,0.0,True,True,2023-07-16T02:33:35Z
177,0x0d0707963952f2fba59dd06f2b425ace40b492fe,0xcfd4176f7975c70f800d87aeaca316270521595a,44949.00070539593,1,0.0,True,True,2023-07-16T02:46:35Z
178,0x0d0707963952f2fba59dd06f2b425ace40b492fe,0xcfd4176f7975c70f800d87aeaca316270521595a,48391.0007594121,1,0.0,True,True,2023-07-16T05:02:35Z
179,0x0d0707963952f2fba59dd06f2b425ace40b492fe,0xe5686b7eb6e55ac5fad4e13f8a5738eff84a81fe,4941.733577551863,1,0.0,True,True,2023-07-16T04:09:23Z
180,0x0d0707963952f2fba59dd06f2b425ace40b492fe,0xcfd4176f7975c70f800d87aeaca316270521595a,42014.00065933624,1,0.0,True,True,2023-07-16T08:44:23Z
181,0x0d0707963952f2fba59dd06f2b425ace40b492fe,0xcfd4176f7975c70f800d87aeaca316270521595a,45360.00071184586,1,0.0,True,True,2023-07-16T12:07:23Z
182,0x0d0707963952f2fba59dd06f2b425ace40b492fe,0xcfd4176f7975c70f800d87aeaca316270521595a,45418.00071275607,1,0.0,True,True,2023-07-16T14:16:23Z
183,0x0d0707963952f2fba59dd06f2b425ace40b492fe,0xcfd4176f7975c70f800d87aeaca316270521595a,32145.00050445955,1,0.0,True,True,2023-07-16T16:27:35Z
184,0x0d0707963952f2fba59dd06f2b425ace40b492fe,0xcfd4176f7975c70f800d87aeaca316270521595a,32357.00050778652,1,0.0,True,True,2023-07-16T17:08:35Z
185,0x0d0707963952f2fba59dd06f2b425ace40b492fe,0xcfd4176f7975c70f800d87aeaca316270521595a,32449.000509230296,1,0.0,True,True,2023-07-16T17:14:23Z
186,0x0d0707963952f2fba59dd06f2b425ace40b492fe,0xcfd4176f7975c70f800d87aeaca316270521595a,48046.00075399793,1,0.0,True,True,2023-07-16T17:44:35Z
187,0x0d0707963952f2fba59dd06f2b425ace40b492fe,0xcfd4176f7975c70f800d87aeaca316270521595a,31964.00050161907,1,0.0,True,True,2023-07-16T17:51:23Z
188,0x0d0707963952f2fba59dd06f2b425ace40b492fe,0xcfd4176f7975c70f800d87aeaca316270521595a,32183.00050505589,1,0.0,True,True,2023-07-16T18:05:35Z
189,0x13307b8854a95946b54a904100afd0767a7a577b,0x0d0707963952f2fba59dd06f2b425ace40b492fe,60739.068581241816,1,0.0,True,True,2023-07-16T16:20:59Z
190,0x6cdf94520d00ef13b9b56f3815107b9529b8957b,0x0d0707963952f2fba59dd06f2b425ace40b492fe,95175.00149360514,1,0.0,True,True,2023-07-17T06:21:23Z
191,0x0d0707963952f2fba59dd06f2b425ace40b492fe,0xcfd4176f7975c70f800d87aeaca316270521595a,44943.000705301776,1,0.0,True,True,2023-07-17T08:58:23Z
192,0x0d0707963952f2fba59dd06f2b425ace40b492fe,0xcfd4176f7975c70f800d87aeaca316270521595a,31994.000502089868,1,0.0,True,True,2023-07-17T10:18:23Z
193,0x0d0707963952f2fba59dd06f2b425ace40b492fe,0xcfd4176f7975c70f800d87aeaca316270521595a,32265.00050634273,1,0.0,True,True,2023-07-17T10:50:23Z
194,0x0d0707963952f2fba59dd06f2b425ace40b492fe,0xcfd4176f7975c70f800d87aeaca316270521595a,32458.000509371537,1,0.0,True,True,2023-07-17T11:03:23Z
195,0x0d0707963952f2fba59dd06f2b425ace40b492fe,0xcfd4176f7975c70f800d87aeaca316270521595a,32118.000504035823,1,0.0,True,True,2023-07-17T14:30:23Z
196,0x0d0707963952f2fba59dd06f2b425ace40b492fe,0xcfd4176f7975c70f800d87aeaca316270521595a,31719.00049777422,1,0.0,True,True,2023-07-17T15:47:23Z
197,0x0d0707963952f2fba59dd06f2b425ace40b492fe,0xcfd4176f7975c70f800d87aeaca316270521595a,32092.000503627805,1,0.0,True,True,2023-07-17T15:52:23Z
198,0x6cdf94520d00ef13b9b56f3815107b9529b8957b,0x0d0707963952f2fba59dd06f2b425ace40b492fe,47470.00074495862,1,0.0,True,True,2023-07-17T15:21:23Z
199,0x0d0707963952f2fba59dd06f2b425ace40b492fe,0xcfd4176f7975c70f800d87aeaca316270521595a,32471.000509575548,1,0.0,True,True,2023-07-17T16:45:35Z
200,0x0d0707963952f2fba59dd06f2b425ace40b492fe,0xcfd4176f7975c70f800d87aeaca316270521595a,32707.00051327916,1,0.0,True,True,2023-07-17T16:54:35Z
201,0x0d0707963952f2fba59dd06f2b425ace40b492fe,0xcfd4176f7975c70f800d87aeaca316270521595a,33176.00052063929,1,0.0,True,True,2023-07-17T19:57:23Z
202,0x0d0707963952f2fba59dd06f2b425ace40b492fe,0xcfd4176f7975c70f800d87aeaca316270521595a,46675.00073248248,1,0.0,True,True,2023-07-17T23:53:23Z
203,0x0d0707963952f2fba59dd06f2b425ace40b492fe,0xcfd4176f7975c70f800d87aeaca316270521595a,46701.000732890505,2,0.0,True,True,2023-07-18T00:24:35Z
204,0x0d0707963952f2fba59dd06f2b425ace40b492fe,0xcfd4176f7975c70f800d87aeaca316270521595a,36456.00057211315,1,0.0,True,True,2023-07-18T01:15:23Z
205,0x0d0707963952f2fba59dd06f2b425ace40b492fe,0xcfd4176f7975c70f800d87aeaca316270521595a,44170.00069317089,1,0.0,True,True,2023-07-18T01:18:23Z
206,0x0d0707963952f2fba59dd06f2b425ace40b492fe,0xcfd4176f7975c70f800d87aeaca316270521595a,46899.00073599777,1,0.0,True,True,2023-07-18T03:40:35Z
207,0x0d0707963952f2fba59dd06f2b425ace40b492fe,0xcfd4176f7975c70f800d87aeaca316270521595a,32294.00050679784,1,0.0,True,True,2023-07-18T04:15:23Z
208,0x0d0707963952f2fba59dd06f2b425ace40b492fe,0xcfd4176f7975c70f800d87aeaca316270521595a,32475.00050963832,1,0.0,True,True,2023-07-18T04:28:35Z
209,0x0d0707963952f2fba59dd06f2b425ace40b492fe,0xcfd4176f7975c70f800d87aeaca316270521595a,13095.00020550312,1,0.0,True,True,2023-07-18T06:18:23Z
210,0x0d0707963952f2fba59dd06f2b425ace40b492fe,0xcfd4176f7975c70f800d87aeaca316270521595a,32826.000515146654,1,0.0,True,True,2023-07-18T06:40:23Z
211,0x0d0707963952f2fba59dd06f2b425ace40b492fe,0xcfd4176f7975c70f800d87aeaca316270521595a,46849.00073521311,1,0.0,True,True,2023-07-18T07:01:35Z
212,0x6cdf94520d00ef13b9b56f3815107b9529b8957b,0x0d0707963952f2fba59dd06f2b425ace40b492fe,257713.00404435475,1,0.0,True,True,2023-07-18T07:20:59Z
213,0x0d0707963952f2fba59dd06f2b425ace40b492fe,0xcfd4176f7975c70f800d87aeaca316270521595a,32535.00051057992,1,0.0,True,True,2023-07-18T08:06:23Z
214,0x0d0707963952f2fba59dd06f2b425ace40b492fe,0xcfd4176f7975c70f800d87aeaca316270521595a,32728.00051360872,1,0.0,True,True,2023-07-18T08:10:23Z
215,0x0d0707963952f2fba59dd06f2b425ace40b492fe,0xcfd4176f7975c70f800d87aeaca316270521595a,32996.0005178145,1,0.0,True,True,2023-07-18T08:43:23Z
216,0x0d0707963952f2fba59dd06f2b425ace40b492fe,0xcfd4176f7975c70f800d87aeaca316270521595a,43314.000679737466,1,0.0,True,True,2023-07-18T09:33:35Z
217,0x0d0707963952f2fba59dd06f2b425ace40b492fe,0xcfd4176f7975c70f800d87aeaca316270521595a,30367.000476556947,1,0.0,True,True,2023-07-18T10:35:23Z
218,0x0d0707963952f2fba59dd06f2b425ace40b492fe,0xcfd4176f7975c70f800d87aeaca316270521595a,28262.00044352265,1,0.0,True,True,2023-07-18T10:36:35Z
219,0x0d0707963952f2fba59dd06f2b425ace40b492fe,0xcfd4176f7975c70f800d87aeaca316270521595a,38141.00059855628,1,0.0,True,True,2023-07-18T11:04:35Z
220,0x0d0707963952f2fba59dd06f2b425ace40b492fe,0xcfd4176f7975c70f800d87aeaca316270521595a,33731.00052934905,1,0.0,True,True,2023-07-18T16:49:35Z
221,0x0d0707963952f2fba59dd06f2b425ace40b492fe,0xcfd4176f7975c70f800d87aeaca316270521595a,33673.00052843883,1,0.0,True,True,2023-07-18T17:36:23Z
222,0x0d0707963952f2fba59dd06f2b425ace40b492fe,0xcfd4176f7975c70f800d87aeaca316270521595a,30632.00048071566,1,0.0,True,True,2023-07-18T19:34:23Z
223,0x0d0707963952f2fba59dd06f2b425ace40b492fe,0xcfd4176f7975c70f800d87aeaca316270521595a,29328.00046025166,1,0.0,True,True,2023-07-18T19:57:23Z
224,0x0d0707963952f2fba59dd06f2b425ace40b492fe,0xcfd4176f7975c70f800d87aeaca316270521595a,33957.00053289572,1,0.0,True,True,2023-07-18T21:20:23Z
225,0x0d0707963952f2fba59dd06f2b425ace40b492fe,0xd4b14f051249d13a4e6428c772815ed8c3e33f63,499917.0078453229,1,0.0,True,True,2023-07-18T19:54:35Z
226,0x0d0707963952f2fba59dd06f2b425ace40b492fe,0xcfd4176f7975c70f800d87aeaca316270521595a,32637.000512180624,1,0.0,True,True,2023-07-19T14:35:23Z
227,0x0d0707963952f2fba59dd06f2b425ace40b492fe,0xcfd4176f7975c70f800d87aeaca316270521595a,33978.00053322528,1,0.0,True,True,2023-07-19T15:01:23Z
228,0x0d0707963952f2fba59dd06f2b425ace40b492fe,0xcfd4176f7975c70f800d87aeaca316270521595a,34265.00053772924,1,0.0,True,True,2023-07-19T15:37:35Z
229,0x6cdf94520d00ef13b9b56f3815107b9529b8957b,0x0d0707963952f2fba59dd06f2b425ace40b492fe,31948.000501367977,1,0.0,True,True,2023-07-19T17:21:35Z
230,0x0d0707963952f2fba59dd06f2b425ace40b492fe,0x8886fe48f838306e3f158883e3fe30aa74b2c205,41877.79065719867,1,0.0,True,True,2023-07-20T06:31:23Z
231,0x0d0707963952f2fba59dd06f2b425ace40b492fe,0xcfd4176f7975c70f800d87aeaca316270521595a,33686.00052864284,1,0.0,True,True,2023-07-20T02:08:23Z
232,0x0d0707963952f2fba59dd06f2b425ace40b492fe,0xcfd4176f7975c70f800d87aeaca316270521595a,33412.0005243429,1,0.0,True,True,2023-07-20T03:14:35Z
233,0x0d0707963952f2fba59dd06f2b425ace40b492fe,0xcfd4176f7975c70f800d87aeaca316270521595a,33492.00052559836,1,0.0,True,True,2023-07-20T04:09:23Z
234,0x0d0707963952f2fba59dd06f2b425ace40b492fe,0xcfd4176f7975c70f800d87aeaca316270521595a,33606.00052738738,1,0.0,True,True,2023-07-20T06:28:23Z
235,0x0d0707963952f2fba59dd06f2b425ace40b492fe,0x0add3c2698d6383b87926556cb194ec400056719,37.00000058065028,1,0.0,True,True,2023-07-20T10:49:23Z
236,0x0d0707963952f2fba59dd06f2b425ace40b492fe,0xcfd4176f7975c70f800d87aeaca316270521595a,45824.00071912752,1,0.0,True,True,2023-07-20T12:06:23Z
237,0x0d0707963952f2fba59dd06f2b425ace40b492fe,0xcfd4176f7975c70f800d87aeaca316270521595a,33619.0005275914,1,0.0,True,True,2023-07-20T13:56:23Z
238,0x13307b8854a95946b54a904100afd0767a7a577b,0x0d0707963952f2fba59dd06f2b425ace40b492fe,17175.40185788784,1,0.0,True,True,2023-07-20T15:20:59Z
239,0x0d0707963952f2fba59dd06f2b425ace40b492fe,0x8eb2283f696f2a130134d46e28d3528e19e16868,63205.62999190178,1,0.0,True,True,2023-07-20T19:36:35Z
240,0x0d0707963952f2fba59dd06f2b425ace40b492fe,0xb4a5c4296a5202167388635f797718227c232ed2,1559.929603480366,1,0.0,True,True,2023-07-20T20:00:23Z
241,0x0d0707963952f2fba59dd06f2b425ace40b492fe,0xc01e5bddd5fe614f5f8adab93f345b87b0c0ffe5,149965.32265344338,1,0.0,True,True,2023-07-20T19:35:23Z
242,0x0d0707963952f2fba59dd06f2b425ace40b492fe,0xcfd4176f7975c70f800d87aeaca316270521595a,32285.0005066566,1,0.0,True,True,2023-07-20T18:38:23Z
243,0x0d0707963952f2fba59dd06f2b425ace40b492fe,0xcfd4176f7975c70f800d87aeaca316270521595a,33874.00053159318,1,0.0,True,True,2023-07-20T19:20:23Z
244,0x0d0707963952f2fba59dd06f2b425ace40b492fe,0xcfd4176f7975c70f800d87aeaca316270521595a,45370.00071200279,1,0.0,True,True,2023-07-20T19:23:23Z
245,0x0d0707963952f2fba59dd06f2b425ace40b492fe,0xcfd4176f7975c70f800d87aeaca316270521595a,30053.000471629268,1,0.0,True,True,2023-07-20T19:26:23Z
246,0x0d0707963952f2fba59dd06f2b425ace40b492fe,0xcfd4176f7975c70f800d87aeaca316270521595a,33297.000522538176,1,0.0,True,True,2023-07-20T19:29:23Z
247,0x0d0707963952f2fba59dd06f2b425ace40b492fe,0xcfd4176f7975c70f800d87aeaca316270521595a,45227.00070975866,1,0.0,True,True,2023-07-20T19:32:23Z
248,0x0d0707963952f2fba59dd06f2b425ace40b492fe,0xcfd4176f7975c70f800d87aeaca316270521595a,43506.00068275057,1,0.0,True,True,2023-07-20T19:35:23Z
249,0x0d0707963952f2fba59dd06f2b425ace40b492fe,0xcfd4176f7975c70f800d87aeaca316270521595a,45081.00070746744,1,0.0,True,True,2023-07-20T19:38:35Z
250,0x0d0707963952f2fba59dd06f2b425ace40b492fe,0xcfd4176f7975c70f800d87aeaca316270521595a,30691.00048164156,1,0.0,True,True,2023-07-20T21:13:23Z
251,0x0d0707963952f2fba59dd06f2b425ace40b492fe,0xcfd4176f7975c70f800d87aeaca316270521595a,30396.00047701205,1,0.0,True,True,2023-07-20T23:45:35Z
252,0x0d0707963952f2fba59dd06f2b425ace40b492fe,0xcfd4176f7975c70f800d87aeaca316270521595a,45192.00070920939,1,0.0,True,True,2023-07-20T23:48:23Z
253,0x0d0707963952f2fba59dd06f2b425ace40b492fe,0xcfd4176f7975c70f800d87aeaca316270521595a,33867.000531483325,1,0.0,True,True,2023-07-21T01:51:35Z
254,0x0d0707963952f2fba59dd06f2b425ace40b492fe,0xcfd4176f7975c70f800d87aeaca316270521595a,33727.00052928627,1,0.0,True,True,2023-07-21T07:43:35Z
255,0x0d0707963952f2fba59dd06f2b425ace40b492fe,0xcfd4176f7975c70f800d87aeaca316270521595a,45051.00070699664,1,0.0,True,True,2023-07-21T07:46:23Z
256,0x0d0707963952f2fba59dd06f2b425ace40b492fe,0xcfd4176f7975c70f800d87aeaca316270521595a,30602.000480244864,1,0.0,True,True,2023-07-21T07:49:35Z
257,0x6cdf94520d00ef13b9b56f3815107b9529b8957b,0x0d0707963952f2fba59dd06f2b425ace40b492fe,32194.00050522852,1,0.0,True,True,2023-07-21T03:21:47Z
258,0x0d0707963952f2fba59dd06f2b425ace40b492fe,0xc4c945cbc846a3cc43c1f2eac555ee9d86a7fcd3,435677.5068371962,2,0.0,True,True,2023-07-21T10:48:23Z
259,0x0d0707963952f2fba59dd06f2b425ace40b492fe,0xc4c945cbc846a3cc43c1f2eac555ee9d86a7fcd3,217825.31341838723,1,0.0,True,True,2023-07-21T10:53:23Z
260,0x0d0707963952f2fba59dd06f2b425ace40b492fe,0xc4c945cbc846a3cc43c1f2eac555ee9d86a7fcd3,217854.1134188392,1,0.0,True,True,2023-07-21T11:47:35Z
261,0x0d0707963952f2fba59dd06f2b425ace40b492fe,0xc4c945cbc846a3cc43c1f2eac555ee9d86a7fcd3,221613.8934778424,1,0.0,True,True,2023-07-21T14:25:35Z
262,0x0d0707963952f2fba59dd06f2b425ace40b492fe,0xc4c945cbc846a3cc43c1f2eac555ee9d86a7fcd3,217532.64341379429,1,0.0,True,True,2023-07-21T14:49:23Z
263,0x0d0707963952f2fba59dd06f2b425ace40b492fe,0xcfd4176f7975c70f800d87aeaca316270521595a,30691.00048164156,1,0.0,True,True,2023-07-21T08:03:23Z
264,0x0d0707963952f2fba59dd06f2b425ace40b492fe,0xcfd4176f7975c70f800d87aeaca316270521595a,31386.00049254837,1,0.0,True,True,2023-07-21T10:06:35Z
265,0x0d0707963952f2fba59dd06f2b425ace40b492fe,0xcfd4176f7975c70f800d87aeaca316270521595a,34256.000537588,1,0.0,True,True,2023-07-21T10:23:35Z
266,0x0d0707963952f2fba59dd06f2b425ace40b492fe,0xcfd4176f7975c70f800d87aeaca316270521595a,44772.00070261822,1,0.0,True,True,2023-07-21T10:26:23Z
267,0x0d0707963952f2fba59dd06f2b425ace40b492fe,0xcfd4176f7975c70f800d87aeaca316270521595a,44674.00070108029,1,0.0,True,True,2023-07-21T10:29:23Z
268,0x0d0707963952f2fba59dd06f2b425ace40b492fe,0xcfd4176f7975c70f800d87aeaca316270521595a,34567.0005424686,1,0.0,True,True,2023-07-21T10:33:23Z
269,0x0d0707963952f2fba59dd06f2b425ace40b492fe,0xcfd4176f7975c70f800d87aeaca316270521595a,31088.00048787178,1,0.0,True,True,2023-07-21T10:36:23Z
270,0x0d0707963952f2fba59dd06f2b425ace40b492fe,0xcfd4176f7975c70f800d87aeaca316270521595a,33409.00052429582,1,0.0,True,True,2023-07-21T10:39:23Z
271,0x0d0707963952f2fba59dd06f2b425ace40b492fe,0xd0e5191ea66f2d5b994b158d237e5c8c53754450,33708.600528997515,1,0.0,True,True,2023-07-21T13:37:23Z
272,0x0d0707963952f2fba59dd06f2b425ace40b492fe,0xcfd4176f7975c70f800d87aeaca316270521595a,29339.00046042429,1,0.0,True,True,2023-07-21T23:57:35Z
273,0x0d0707963952f2fba59dd06f2b425ace40b492fe,0xd4b14f051249d13a4e6428c772815ed8c3e33f63,390.0000061203678,1,0.0,True,True,2023-07-21T17:29:23Z
274,0x0d0707963952f2fba59dd06f2b425ace40b492fe,0xd4b14f051249d13a4e6428c772815ed8c3e33f63,599936.0094149462,1,0.0,True,True,2023-07-21T17:39:35Z
275,0x6cdf94520d00ef13b9b56f3815107b9529b8957b,0x0d0707963952f2fba59dd06f2b425ace40b492fe,67675.00106204074,1,0.0,True,True,2023-07-22T03:21:11Z
276,0x0d0707963952f2fba59dd06f2b425ace40b492fe,0xcfd4176f7975c70f800d87aeaca316270521595a,35623.00055904067,1,0.0,True,True,2023-07-22T17:36:35Z
277,0x0d0707963952f2fba59dd06f2b425ace40b492fe,0xcfd4176f7975c70f800d87aeaca316270521595a,33621.00052762279,1,0.0,True,True,2023-07-22T18:33:23Z
278,0x0d0707963952f2fba59dd06f2b425ace40b492fe,0xcfd4176f7975c70f800d87aeaca316270521595a,33637.000527873875,1,0.0,True,True,2023-07-22T18:49:23Z
279,0x0d0707963952f2fba59dd06f2b425ace40b492fe,0xcfd4176f7975c70f800d87aeaca316270521595a,33927.00053242492,1,0.0,True,True,2023-07-22T18:57:23Z
280,0x0d0707963952f2fba59dd06f2b425ace40b492fe,0xcfd4176f7975c70f800d87aeaca316270521595a,30814.000483571832,1,0.0,True,True,2023-07-22T19:27:23Z
281,0x0d0707963952f2fba59dd06f2b425ace40b492fe,0xcfd4176f7975c70f800d87aeaca316270521595a,30797.000483305044,1,0.0,True,True,2023-07-22T21:20:23Z
282,0x0d0707963952f2fba59dd06f2b425ace40b492fe,0xcfd4176f7975c70f800d87aeaca316270521595a,34292.000538152955,1,0.0,True,True,2023-07-22T23:42:35Z
283,0x0d0707963952f2fba59dd06f2b425ace40b492fe,0xcfd4176f7975c70f800d87aeaca316270521595a,34532.00054191933,1,0.0,True,True,2023-07-23T00:41:23Z
284,0x0d0707963952f2fba59dd06f2b425ace40b492fe,0xcfd4176f7975c70f800d87aeaca316270521595a,34782.00054584265,1,0.0,True,True,2023-07-23T00:44:35Z
285,0x0d0707963952f2fba59dd06f2b425ace40b492fe,0xcfd4176f7975c70f800d87aeaca316270521595a,28048.0004401643,1,0.0,True,True,2023-07-23T01:32:35Z
286,0x0d0707963952f2fba59dd06f2b425ace40b492fe,0xcfd4176f7975c70f800d87aeaca316270521595a,34832.000546627314,1,0.0,True,True,2023-07-23T03:18:35Z
287,0x0d0707963952f2fba59dd06f2b425ace40b492fe,0xcfd4176f7975c70f800d87aeaca316270521595a,34811.00054629775,1,0.0,True,True,2023-07-23T08:56:23Z
288,0x0d0707963952f2fba59dd06f2b425ace40b492fe,0xcfd4176f7975c70f800d87aeaca316270521595a,34768.00054562294,1,0.0,True,True,2023-07-23T10:06:35Z
289,0x0d0707963952f2fba59dd06f2b425ace40b492fe,0xcfd4176f7975c70f800d87aeaca316270521595a,35340.000554599486,1,0.0,True,True,2023-07-23T13:05:23Z
290,0x0d0707963952f2fba59dd06f2b425ace40b492fe,0xcfd4176f7975c70f800d87aeaca316270521595a,31799.000499029684,1,0.0,True,True,2023-07-23T13:08:23Z
291,0x0d0707963952f2fba59dd06f2b425ace40b492fe,0xcfd4176f7975c70f800d87aeaca316270521595a,31852.000499861424,1,0.0,True,True,2023-07-23T13:16:35Z
292,0x0d0707963952f2fba59dd06f2b425ace40b492fe,0x4fa8a7819824e641e9408dd9f3974af6dd11c3ba,36.00000056495703,1,0.0,True,True,2023-07-23T21:42:11Z
293,0x0d0707963952f2fba59dd06f2b425ace40b492fe,0x4fa8a7819824e641e9408dd9f3974af6dd11c3ba,9657.83603556284,1,0.0,True,True,2023-07-23T21:46:23Z
294,0x6cdf94520d00ef13b9b56f3815107b9529b8957b,0x0d0707963952f2fba59dd06f2b425ace40b492fe,43878.00068858847,1,0.0,True,True,2023-07-23T20:21:47Z
295,0x0d0707963952f2fba59dd06f2b425ace40b492fe,0xcfd4176f7975c70f800d87aeaca316270521595a,31919.00050091287,1,0.0,True,True,2023-07-24T05:45:23Z
296,0x13307b8854a95946b54a904100afd0767a7a577b,0x0d0707963952f2fba59dd06f2b425ace40b492fe,114807.55962426796,1,0.0,True,True,2023-07-24T20:20:59Z
297,0x0d0707963952f2fba59dd06f2b425ace40b492fe,0x1148127601f0cacf3ae006e730e55f60ca5d54c0,299937.0047069866,1,0.0,True,True,2023-07-25T07:25:23Z
298,0x0d0707963952f2fba59dd06f2b425ace40b492fe,0x1148127601f0cacf3ae006e730e55f60ca5d54c0,499936.007845621,1,0.0,True,True,2023-07-25T07:58:23Z
299,0x13307b8854a95946b54a904100afd0767a7a577b,0x0d0707963952f2fba59dd06f2b425ace40b492fe,98222.89231939409,1,0.0,True,True,2023-07-25T03:20:47Z
300,0x0d0707963952f2fba59dd06f2b425ace40b492fe,0x1148127601f0cacf3ae006e730e55f60ca5d54c0,999923.0156920424,1,0.0,True,True,2023-07-25T08:18:35Z
301,0x0d0707963952f2fba59dd06f2b425ace40b492fe,0x1148127601f0cacf3ae006e730e55f60ca5d54c0,1199935.018830881,1,0.0,True,True,2023-07-25T09:03:35Z
302,0x6cdf94520d00ef13b9b56f3815107b9529b8957b,0x0d0707963952f2fba59dd06f2b425ace40b492fe,32907.0005164178,1,0.0,True,True,2023-07-25T11:21:11Z
303,0x6e50d3c6b659db780f21da84fa8194f437239ca6,0x0d0707963952f2fba59dd06f2b425ace40b492fe,300000.00470797525,1,0.0,True,True,2023-07-25T11:20:59Z
304,0x0d0707963952f2fba59dd06f2b425ace40b492fe,0xc4c945cbc846a3cc43c1f2eac555ee9d86a7fcd3,219730.193448281,1,0.0,True,True,2023-07-25T21:56:23Z
305,0x0d0707963952f2fba59dd06f2b425ace40b492fe,0xd4b14f051249d13a4e6428c772815ed8c3e33f63,499860.0078444283,1,0.0,True,True,2023-07-25T17:24:23Z
306,0x0d0707963952f2fba59dd06f2b425ace40b492fe,0x16e0e755776410b37ca0625773aec3e1ae45f13a,138764.01087765838,1,0.0,True,True,2023-07-26T06:08:35Z
307,0x0d0707963952f2fba59dd06f2b425ace40b492fe,0x4d503f03f5c878af19e1ec8ab32f9d60194e1348,1850.4325490393016,1,0.0,True,True,2023-07-26T05:32:23Z
308,0x6cdf94520d00ef13b9b56f3815107b9529b8957b,0x0d0707963952f2fba59dd06f2b425ace40b492fe,94953.00149012124,1,0.0,True,True,2023-07-26T03:21:23Z
309,0x0d0707963952f2fba59dd06f2b425ace40b492fe,0x5b532f3f073d0724991b866b65ab86d9802c45ee,657473.5956178978,1,0.0,True,True,2023-07-26T10:21:23Z
310,0x0d0707963952f2fba59dd06f2b425ace40b492fe,0xc4c945cbc846a3cc43c1f2eac555ee9d86a7fcd3,220391.1734586539,1,0.0,True,True,2023-07-26T23:25:23Z
311,0x0d0707963952f2fba59dd06f2b425ace40b492fe,0xcfd4176f7975c70f800d87aeaca316270521595a,27424.00043037171,1,0.0,True,True,2023-07-26T19:56:23Z
312,0x0d0707963952f2fba59dd06f2b425ace40b492fe,0xcfd4176f7975c70f800d87aeaca316270521595a,35378.000555195824,1,0.0,True,True,2023-07-27T00:18:23Z
313,0x0d0707963952f2fba59dd06f2b425ace40b492fe,0xcfd4176f7975c70f800d87aeaca316270521595a,31936.000501179657,1,0.0,True,True,2023-07-27T00:34:35Z
314,0x0d0707963952f2fba59dd06f2b425ace40b492fe,0xcfd4176f7975c70f800d87aeaca316270521595a,32212.000505511,1,0.0,True,True,2023-07-27T03:25:23Z
315,0x6cdf94520d00ef13b9b56f3815107b9529b8957b,0x0d0707963952f2fba59dd06f2b425ace40b492fe,32441.00050910475,1,0.0,True,True,2023-07-28T00:21:23Z
316,0x0d0707963952f2fba59dd06f2b425ace40b492fe,0xcfd4176f7975c70f800d87aeaca316270521595a,32243.000505997486,1,0.0,True,True,2023-07-29T03:43:35Z
317,0x0d0707963952f2fba59dd06f2b425ace40b492fe,0xcfd4176f7975c70f800d87aeaca316270521595a,35596.00055861696,1,0.0,True,True,2023-07-29T05:35:35Z
318,0x6cdf94520d00ef13b9b56f3815107b9529b8957b,0x0d0707963952f2fba59dd06f2b425ace40b492fe,66836.00104887411,1,0.0,True,True,2023-07-29T02:21:11Z
319,0x0d0707963952f2fba59dd06f2b425ace40b492fe,0xcfd4176f7975c70f800d87aeaca316270521595a,35695.000560170585,1,0.0,True,True,2023-07-29T10:17:23Z
320,0x0d0707963952f2fba59dd06f2b425ace40b492fe,0x3a37cc60e5e248a9e0ca939f3f2282379a57a313,1184.5215185889929,1,0.0,True,True,2023-07-29T20:26:11Z
321,0x0d0707963952f2fba59dd06f2b425ace40b492fe,0xcfd4176f7975c70f800d87aeaca316270521595a,35611.00055885236,1,0.0,True,True,2023-07-29T17:53:11Z
322,0x0d0707963952f2fba59dd06f2b425ace40b492fe,0xcfd4176f7975c70f800d87aeaca316270521595a,35636.00055924468,1,0.0,True,True,2023-07-29T23:01:23Z
323,0x0d0707963952f2fba59dd06f2b425ace40b492fe,0xcfd4176f7975c70f800d87aeaca316270521595a,35763.00056123773,1,0.0,True,True,2023-07-30T08:18:35Z
324,0x0d0707963952f2fba59dd06f2b425ace40b492fe,0xcfd4176f7975c70f800d87aeaca316270521595a,35610.00055883666,1,0.0,True,True,2023-07-30T08:21:23Z
325,0x13307b8854a95946b54a904100afd0767a7a577b,0x0d0707963952f2fba59dd06f2b425ace40b492fe,136410.13205841838,1,0.0,True,True,2023-08-01T17:21:23Z
326,0x13307b8854a95946b54a904100afd0767a7a577b,0x0d0707963952f2fba59dd06f2b425ace40b492fe,35357.1064819932,1,0.0,True,True,2023-08-01T18:20:59Z
327,0x13307b8854a95946b54a904100afd0767a7a577b,0x0d0707963952f2fba59dd06f2b425ace40b492fe,105829.39773859408,1,0.0,True,True,2023-08-01T19:20:47Z
328,0x6cdf94520d00ef13b9b56f3815107b9529b8957b,0x0d0707963952f2fba59dd06f2b425ace40b492fe,32617.00051186676,1,0.0,True,True,2023-08-01T18:21:11Z
329,0x13307b8854a95946b54a904100afd0767a7a577b,0x0d0707963952f2fba59dd06f2b425ace40b492fe,138885.39124558662,1,0.0,True,True,2023-08-02T01:20:47Z
330,0x6cdf94520d00ef13b9b56f3815107b9529b8957b,0x0d0707963952f2fba59dd06f2b425ace40b492fe,36040.00056558476,1,0.0,True,True,2023-08-02T02:21:23Z
331,0x0d0707963952f2fba59dd06f2b425ace40b492fe,0xcfd4176f7975c70f800d87aeaca316270521595a,32991.00051773604,1,0.0,True,True,2023-08-02T14:33:23Z
332,0x0d0707963952f2fba59dd06f2b425ace40b492fe,0x1148127601f0cacf3ae006e730e55f60ca5d54c0,499932.0078455582,1,0.0,True,True,2023-08-02T22:46:35Z
333,0x0d0707963952f2fba59dd06f2b425ace40b492fe,0xcfd4176f7975c70f800d87aeaca316270521595a,37918.00059505668,1,0.0,True,True,2023-08-03T00:00:23Z
334,0x0d0707963952f2fba59dd06f2b425ace40b492fe,0xcfd4176f7975c70f800d87aeaca316270521595a,38234.00060001575,1,0.0,True,True,2023-08-03T07:58:35Z
335,0x6cdf94520d00ef13b9b56f3815107b9529b8957b,0x0d0707963952f2fba59dd06f2b425ace40b492fe,94494.00148291804,1,0.0,True,True,2023-08-03T01:21:11Z
336,0x0d0707963952f2fba59dd06f2b425ace40b492fe,0xcfd4176f7975c70f800d87aeaca316270521595a,32876.000515931315,1,0.0,True,True,2023-08-03T23:16:35Z
337,0x0d0707963952f2fba59dd06f2b425ace40b492fe,0xcfd4176f7975c70f800d87aeaca316270521595a,37211.00058396156,1,0.0,True,True,2023-08-03T23:35:23Z
338,0x6cdf94520d00ef13b9b56f3815107b9529b8957b,0x0d0707963952f2fba59dd06f2b425ace40b492fe,32314.00050711171,1,0.0,True,True,2023-08-04T05:21:23Z
339,0x0d0707963952f2fba59dd06f2b425ace40b492fe,0xcfd4176f7975c70f800d87aeaca316270521595a,33077.00051908566,1,0.0,True,True,2023-08-04T16:57:23Z
340,0x0d0707963952f2fba59dd06f2b425ace40b492fe,0xcfd4176f7975c70f800d87aeaca316270521595a,37968.00059584135,1,0.0,True,True,2023-08-04T18:39:35Z
341,0x0d0707963952f2fba59dd06f2b425ace40b492fe,0xcfd4176f7975c70f800d87aeaca316270521595a,38168.00059898,1,0.0,True,True,2023-08-04T18:46:23Z
342,0x0d0707963952f2fba59dd06f2b425ace40b492fe,0xcfd4176f7975c70f800d87aeaca316270521595a,33294.00052249109,1,0.0,True,True,2023-08-04T20:57:23Z
343,0x0d0707963952f2fba59dd06f2b425ace40b492fe,0xea73f4b4fa6cb691c923d57ca96bc1fd724044ca,112627.03196748425,1,0.0,True,True,2023-08-04T17:24:23Z
344,0x0d0707963952f2fba59dd06f2b425ace40b492fe,0xea73f4b4fa6cb691c923d57ca96bc1fd724044ca,234245.861976079,1,0.0,True,True,2023-08-04T23:19:35Z
345,0x6cdf94520d00ef13b9b56f3815107b9529b8957b,0x0d0707963952f2fba59dd06f2b425ace40b492fe,66041.00103639798,1,0.0,True,True,2023-08-04T19:21:11Z
346,0x0d0707963952f2fba59dd06f2b425ace40b492fe,0xcfd4176f7975c70f800d87aeaca316270521595a,38325.00060144383,1,0.0,True,True,2023-08-05T04:18:11Z
347,0x0d0707963952f2fba59dd06f2b425ace40b492fe,0xea73f4b4fa6cb691c923d57ca96bc1fd724044ca,165327.65659452832,1,0.0,True,True,2023-08-05T17:47:23Z
348,0x6cdf94520d00ef13b9b56f3815107b9529b8957b,0x0d0707963952f2fba59dd06f2b425ace40b492fe,61614.00096692396,1,0.0,True,True,2023-08-06T13:21:35Z
349,0x0d0707963952f2fba59dd06f2b425ace40b492fe,0x30085379b7a6fe4ba8dc1376926d5553fb034e95,1052.4013205155975,1,0.0,True,True,2023-08-06T22:04:23Z
350,0x0d0707963952f2fba59dd06f2b425ace40b492fe,0xcfd4176f7975c70f800d87aeaca316270521595a,33146.00052016849,1,0.0,True,True,2023-08-06T20:29:35Z
351,0x0d0707963952f2fba59dd06f2b425ace40b492fe,0xcfd4176f7975c70f800d87aeaca316270521595a,37948.00059552748,1,0.0,True,True,2023-08-07T02:08:23Z
352,0x0d0707963952f2fba59dd06f2b425ace40b492fe,0xcfd4176f7975c70f800d87aeaca316270521595a,38160.00059885444,1,0.0,True,True,2023-08-07T15:48:23Z
353,0x6cdf94520d00ef13b9b56f3815107b9529b8957b,0x0d0707963952f2fba59dd06f2b425ace40b492fe,37890.00059461728,1,0.0,True,True,2023-08-07T12:21:59Z
354,0x0d0707963952f2fba59dd06f2b425ace40b492fe,0xaf93ec2041cfed7dd1f18d7e73d49f4699fba9b5,1922.7845971747408,1,0.0,True,True,2023-08-07T22:47:35Z
355,0x0d0707963952f2fba59dd06f2b425ace40b492fe,0xc3f9a5bd6168033d0896fd515b21f229477ae71f,11.00000017262576,1,0.0,True,True,2023-08-07T18:11:11Z
356,0x0d0707963952f2fba59dd06f2b425ace40b492fe,0xc3f9a5bd6168033d0896fd515b21f229477ae71f,18631.56699238985,1,0.0,True,True,2023-08-07T18:58:23Z
357,0x0d0707963952f2fba59dd06f2b425ace40b492fe,0x8db590f1016804e975bced5e78564788296c863c,6145.270496439269,1,0.0,True,True,2023-08-08T13:56:35Z
358,0x0d0707963952f2fba59dd06f2b425ace40b492fe,0xcfd4176f7975c70f800d87aeaca316270521595a,38243.000600156985,1,0.0,True,True,2023-08-08T23:11:23Z
359,0x0d0707963952f2fba59dd06f2b425ace40b492fe,0xcfd4176f7975c70f800d87aeaca316270521595a,37902.00059480559,1,0.0,True,True,2023-08-09T10:18:35Z
360,0x0d0707963952f2fba59dd06f2b425ace40b492fe,0xcfd4176f7975c70f800d87aeaca316270521595a,37565.00058951697,1,0.0,True,True,2023-08-09T14:14:23Z
361,0x0d0707963952f2fba59dd06f2b425ace40b492fe,0xcfd4176f7975c70f800d87aeaca316270521595a,38038.00059693987,1,0.0,True,True,2023-08-09T20:04:11Z
362,0x0d0707963952f2fba59dd06f2b425ace40b492fe,0xcfd4176f7975c70f800d87aeaca316270521595a,41842.000656637,1,0.0,True,True,2023-08-10T04:26:35Z
363,0x0d0707963952f2fba59dd06f2b425ace40b492fe,0xcfd4176f7975c70f800d87aeaca316270521595a,23054.000361792205,1,0.0,True,True,2023-08-10T12:22:35Z
364,0x0d0707963952f2fba59dd06f2b425ace40b492fe,0xcfd4176f7975c70f800d87aeaca316270521595a,41959.00065847311,1,0.0,True,True,2023-08-10T12:25:23Z
365,0x0d0707963952f2fba59dd06f2b425ace40b492fe,0xcfd4176f7975c70f800d87aeaca316270521595a,23309.00036579398,1,0.0,True,True,2023-08-10T14:27:35Z
366,0x0d0707963952f2fba59dd06f2b425ace40b492fe,0xcfd4176f7975c70f800d87aeaca316270521595a,23275.00036526041,1,0.0,True,True,2023-08-10T14:42:23Z
367,0x0d0707963952f2fba59dd06f2b425ace40b492fe,0xcfd4176f7975c70f800d87aeaca316270521595a,41831.00065646437,1,0.0,True,True,2023-08-10T14:46:23Z
368,0x0d0707963952f2fba59dd06f2b425ace40b492fe,0xcfd4176f7975c70f800d87aeaca316270521595a,31500.0004943374,1,0.0,True,True,2023-08-10T14:48:23Z
369,0x0d0707963952f2fba59dd06f2b425ace40b492fe,0xcfd4176f7975c70f800d87aeaca316270521595a,41623.00065320018,1,0.0,True,True,2023-08-10T14:52:23Z
370,0x0d0707963952f2fba59dd06f2b425ace40b492fe,0xcfd4176f7975c70f800d87aeaca316270521595a,39221.000615504985,1,0.0,True,True,2023-08-10T16:59:23Z
371,0x0d0707963952f2fba59dd06f2b425ace40b492fe,0x508d66151f25a6287d9edd169c9a700b2aeececa,477.4149384921922,1,0.0,True,True,2023-08-11T04:32:35Z
372,0x13307b8854a95946b54a904100afd0767a7a577b,0x0d0707963952f2fba59dd06f2b425ace40b492fe,28055.88244887419,1,0.0,True,True,2023-08-11T04:20:47Z
373,0x13307b8854a95946b54a904100afd0767a7a577b,0x0d0707963952f2fba59dd06f2b425ace40b492fe,291041.03575763706,1,0.0,True,True,2023-08-11T06:20:47Z
374,0x6cdf94520d00ef13b9b56f3815107b9529b8957b,0x0d0707963952f2fba59dd06f2b425ace40b492fe,36659.00057529888,1,0.0,True,True,2023-08-11T00:21:23Z
375,0x94c5d209994b9c6bf1a390b14a1510a4f2624e59,0x0d0707963952f2fba59dd06f2b425ace40b492fe,143538.98860613586,1,0.0,True,True,2023-08-11T03:20:47Z
376,0x6cdf94520d00ef13b9b56f3815107b9529b8957b,0x0d0707963952f2fba59dd06f2b425ace40b492fe,75925.00119151006,1,0.0,True,True,2023-08-11T12:20:59Z
377,0x0d0707963952f2fba59dd06f2b425ace40b492fe,0xcfd4176f7975c70f800d87aeaca316270521595a,36712.000576130624,1,0.0,True,True,2023-08-11T21:30:35Z
378,0x0d0707963952f2fba59dd06f2b425ace40b492fe,0xcfd4176f7975c70f800d87aeaca316270521595a,22796.000357743345,1,0.0,True,True,2023-08-12T00:18:23Z
379,0x0d0707963952f2fba59dd06f2b425ace40b492fe,0xcfd4176f7975c70f800d87aeaca316270521595a,22904.00035943821,1,0.0,True,True,2023-08-12T01:12:35Z
380,0x0d0707963952f2fba59dd06f2b425ace40b492fe,0xcfd4176f7975c70f800d87aeaca316270521595a,22831.000358292607,1,0.0,True,True,2023-08-12T03:18:35Z
381,0x0d0707963952f2fba59dd06f2b425ace40b492fe,0xcfd4176f7975c70f800d87aeaca316270521595a,41514.000651489616,1,0.0,True,True,2023-08-12T03:22:35Z
382,0x0d0707963952f2fba59dd06f2b425ace40b492fe,0xcfd4176f7975c70f800d87aeaca316270521595a,22771.00035735101,1,0.0,True,True,2023-08-12T06:51:23Z
383,0x6cdf94520d00ef13b9b56f3815107b9529b8957b,0x0d0707963952f2fba59dd06f2b425ace40b492fe,27318.000428708223,1,0.0,True,True,2023-08-12T03:21:11Z
384,0x0d0707963952f2fba59dd06f2b425ace40b492fe,0xce5ffd092f9dea0b423542aba5c322624b7d2129,5687.996141263149,1,0.0,True,True,2023-08-12T13:00:23Z
385,0x0d0707963952f2fba59dd06f2b425ace40b492fe,0xcfd4176f7975c70f800d87aeaca316270521595a,38032.00059684571,1,0.0,True,True,2023-08-12T08:28:23Z
386,0x0d0707963952f2fba59dd06f2b425ace40b492fe,0x1148127601f0cacf3ae006e730e55f60ca5d54c0,499936.007845621,1,0.0,True,True,2023-08-12T21:20:35Z
387,0x13307b8854a95946b54a904100afd0767a7a577b,0x0d0707963952f2fba59dd06f2b425ace40b492fe,27427.35362299284,1,0.0,True,True,2023-08-12T20:20:47Z
388,0x13307b8854a95946b54a904100afd0767a7a577b,0x0d0707963952f2fba59dd06f2b425ace40b492fe,24961.05822526113,1,0.0,True,True,2023-08-12T21:20:47Z
389,0x6cdf94520d00ef13b9b56f3815107b9529b8957b,0x0d0707963952f2fba59dd06f2b425ace40b492fe,219247.0034406981,1,0.0,True,True,2023-08-12T21:21:11Z
390,0x0d0707963952f2fba59dd06f2b425ace40b492fe,0xcfd4176f7975c70f800d87aeaca316270521595a,34862.00054709811,1,0.0,True,True,2023-08-13T03:14:35Z
391,0x0d0707963952f2fba59dd06f2b425ace40b492fe,0xcfd4176f7975c70f800d87aeaca316270521595a,41411.0006498732,1,0.0,True,True,2023-08-13T04:28:23Z
392,0x6cdf94520d00ef13b9b56f3815107b9529b8957b,0x0d0707963952f2fba59dd06f2b425ace40b492fe,76834.00120577523,1,0.0,True,True,2023-08-13T06:21:47Z
393,0x0d0707963952f2fba59dd06f2b425ace40b492fe,0x91df2d4a3061930196915d2352016e6ff8eb2f69,5408.225084872631,1,0.0,True,True,2023-08-13T10:46:23Z
394,0x0d0707963952f2fba59dd06f2b425ace40b492fe,0xb8184032fed0c7208e5e4d6890513f652150aaf2,926.0000145319502,1,0.0,True,True,2023-08-13T12:26:35Z
395,0x0d0707963952f2fba59dd06f2b425ace40b492fe,0xcfd4176f7975c70f800d87aeaca316270521595a,27855.0004371355,1,0.0,True,True,2023-08-13T15:09:35Z
396,0x0d0707963952f2fba59dd06f2b425ace40b492fe,0xcfd4176f7975c70f800d87aeaca316270521595a,41191.00064642069,1,0.0,True,True,2023-08-13T15:12:23Z
397,0x0d0707963952f2fba59dd06f2b425ace40b492fe,0xcfd4176f7975c70f800d87aeaca316270521595a,41093.00064488276,1,0.0,True,True,2023-08-13T15:21:23Z
398,0x0d0707963952f2fba59dd06f2b425ace40b492fe,0xcfd4176f7975c70f800d87aeaca316270521595a,36663.00057536166,1,0.0,True,True,2023-08-13T15:24:23Z
399,0x0d0707963952f2fba59dd06f2b425ace40b492fe,0x1148127601f0cacf3ae006e730e55f60ca5d54c0,1199933.0188308496,1,0.0,True,True,2023-08-13T20:22:23Z
400,0x0d0707963952f2fba59dd06f2b425ace40b492fe,0xcfd4176f7975c70f800d87aeaca316270521595a,36944.000579771455,1,0.0,True,True,2023-08-13T16:57:35Z
401,0x0d0707963952f2fba59dd06f2b425ace40b492fe,0xcfd4176f7975c70f800d87aeaca316270521595a,36862.00057848461,1,0.0,True,True,2023-08-13T17:10:23Z
402,0x0d0707963952f2fba59dd06f2b425ace40b492fe,0xcfd4176f7975c70f800d87aeaca316270521595a,36814.00057773133,1,0.0,True,True,2023-08-13T17:13:11Z
403,0x0d0707963952f2fba59dd06f2b425ace40b492fe,0xcfd4176f7975c70f800d87aeaca316270521595a,33794.00053033772,1,0.0,True,True,2023-08-13T17:16:23Z
404,0x0d0707963952f2fba59dd06f2b425ace40b492fe,0xcfd4176f7975c70f800d87aeaca316270521595a,22659.000355593373,1,0.0,True,True,2023-08-13T19:08:23Z
405,0x13307b8854a95946b54a904100afd0767a7a577b,0x0d0707963952f2fba59dd06f2b425ace40b492fe,20293.128942659,1,0.0,True,True,2023-08-13T22:20:47Z
406,0x0d0707963952f2fba59dd06f2b425ace40b492fe,0xcfd4176f7975c70f800d87aeaca316270521595a,35940.000564015434,1,0.0,True,True,2023-08-14T07:15:23Z
407,0x13307b8854a95946b54a904100afd0767a7a577b,0x0d0707963952f2fba59dd06f2b425ace40b492fe,99065.47836517196,1,0.0,True,True,2023-08-14T01:20:47Z
408,0x6cdf94520d00ef13b9b56f3815107b9529b8957b,0x0d0707963952f2fba59dd06f2b425ace40b492fe,323334.0050741616,1,0.0,True,True,2023-08-14T02:21:23Z
409,0x0d0707963952f2fba59dd06f2b425ace40b492fe,0xcfd4176f7975c70f800d87aeaca316270521595a,36518.00057308613,1,0.0,True,True,2023-08-14T09:54:47Z
410,0x0d0707963952f2fba59dd06f2b425ace40b492fe,0xcfd4176f7975c70f800d87aeaca316270521595a,40724.00063909195,1,0.0,True,True,2023-08-14T10:12:35Z
411,0x0d0707963952f2fba59dd06f2b425ace40b492fe,0xcfd4176f7975c70f800d87aeaca316270521595a,40625.00063753831,1,0.0,True,True,2023-08-14T10:19:35Z
412,0x0d0707963952f2fba59dd06f2b425ace40b492fe,0x759ec1b3326de6fd4ba316f65a6f689c4e4c3092,98071.0015390528,1,0.0,True,True,2023-08-15T03:27:23Z
413,0x0d0707963952f2fba59dd06f2b425ace40b492fe,0xcfd4176f7975c70f800d87aeaca316270521595a,27697.00043465597,1,0.0,True,True,2023-08-15T03:22:23Z
414,0x0d0707963952f2fba59dd06f2b425ace40b492fe,0xcfd4176f7975c70f800d87aeaca316270521595a,33891.000531859965,1,0.0,True,True,2023-08-15T03:25:35Z
415,0x6cdf94520d00ef13b9b56f3815107b9529b8957b,0x0d0707963952f2fba59dd06f2b425ace40b492fe,75441.00118391453,1,0.0,True,True,2023-08-15T03:21:47Z
416,0x6cdf94520d00ef13b9b56f3815107b9529b8957b,0x0d0707963952f2fba59dd06f2b425ace40b492fe,261450.0041030004,1,0.0,True,True,2023-08-15T13:21:11Z
417,0x0d0707963952f2fba59dd06f2b425ace40b492fe,0xcfd4176f7975c70f800d87aeaca316270521595a,33544.000526414406,1,0.0,True,True,2023-08-15T17:48:23Z
418,0x0d0707963952f2fba59dd06f2b425ace40b492fe,0xcfd4176f7975c70f800d87aeaca316270521595a,40375.000633615,1,0.0,True,True,2023-08-15T18:21:23Z
419,0x0d0707963952f2fba59dd06f2b425ace40b492fe,0xcfd4176f7975c70f800d87aeaca316270521595a,40294.00063234385,1,0.0,True,True,2023-08-15T18:32:23Z
420,0x0d0707963952f2fba59dd06f2b425ace40b492fe,0xcfd4176f7975c70f800d87aeaca316270521595a,35013.00054946779,1,0.0,True,True,2023-08-15T20:13:23Z
421,0x0d0707963952f2fba59dd06f2b425ace40b492fe,0xcfd4176f7975c70f800d87aeaca316270521595a,34973.00054884006,1,0.0,True,True,2023-08-15T21:02:35Z
422,0x0d0707963952f2fba59dd06f2b425ace40b492fe,0xcfd4176f7975c70f800d87aeaca316270521595a,28033.000439928903,1,0.0,True,True,2023-08-15T21:18:23Z
423,0x0d0707963952f2fba59dd06f2b425ace40b492fe,0xcfd4176f7975c70f800d87aeaca316270521595a,35486.0005568907,1,0.0,True,True,2023-08-15T22:09:23Z
424,0x0d0707963952f2fba59dd06f2b425ace40b492fe,0xcfd4176f7975c70f800d87aeaca316270521595a,35372.000555101666,1,0.0,True,True,2023-08-15T22:26:23Z
425,0x0d0707963952f2fba59dd06f2b425ace40b492fe,0xcfd4176f7975c70f800d87aeaca316270521595a,39796.00062452861,1,0.0,True,True,2023-08-15T22:48:23Z
426,0x6cdf94520d00ef13b9b56f3815107b9529b8957b,0x0d0707963952f2fba59dd06f2b425ace40b492fe,39464.000619318445,1,0.0,True,True,2023-08-15T23:21:11Z
427,0x0d0707963952f2fba59dd06f2b425ace40b492fe,0x0fbf838783f250f9401a014e4d03ce9c1f6b167b,5030.277278941401,1,0.0,True,True,2023-08-16T02:30:23Z
428,0x0d0707963952f2fba59dd06f2b425ace40b492fe,0xcfd4176f7975c70f800d87aeaca316270521595a,35663.0005596684,1,0.0,True,True,2023-08-16T00:33:23Z
429,0x0d0707963952f2fba59dd06f2b425ace40b492fe,0xcfd4176f7975c70f800d87aeaca316270521595a,33741.000529505975,1,0.0,True,True,2023-08-16T05:45:59Z
430,0x0d0707963952f2fba59dd06f2b425ace40b492fe,0xcfd4176f7975c70f800d87aeaca316270521595a,39842.000625250505,1,0.0,True,True,2023-08-16T06:05:23Z
431,0x0d0707963952f2fba59dd06f2b425ace40b492fe,0xcfd4176f7975c70f800d87aeaca316270521595a,34629.00054344158,1,0.0,True,True,2023-08-16T07:11:23Z
432,0x0d0707963952f2fba59dd06f2b425ace40b492fe,0xcfd4176f7975c70f800d87aeaca316270521595a,34644.00054367698,1,0.0,True,True,2023-08-16T08:05:47Z
433,0x0d0707963952f2fba59dd06f2b425ace40b492fe,0xcfd4176f7975c70f800d87aeaca316270521595a,34788.00054593681,1,0.0,True,True,2023-08-16T08:17:47Z
434,0x0d0707963952f2fba59dd06f2b425ace40b492fe,0xcfd4176f7975c70f800d87aeaca316270521595a,34061.00053452781,1,0.0,True,True,2023-08-16T16:00:35Z
435,0x0d0707963952f2fba59dd06f2b425ace40b492fe,0xcfd4176f7975c70f800d87aeaca316270521595a,34741.000545199226,1,0.0,True,True,2023-08-16T16:42:23Z
436,0x0d0707963952f2fba59dd06f2b425ace40b492fe,0xcfd4176f7975c70f800d87aeaca316270521595a,28123.00044134129,1,0.0,True,True,2023-08-16T16:45:23Z
437,0x0d0707963952f2fba59dd06f2b425ace40b492fe,0xcfd4176f7975c70f800d87aeaca316270521595a,35461.000556498366,1,0.0,True,True,2023-08-16T17:38:47Z
438,0x0d0707963952f2fba59dd06f2b425ace40b492fe,0xcfd4176f7975c70f800d87aeaca316270521595a,39465.00061933414,1,0.0,True,True,2023-08-16T17:42:47Z
439,0x0d0707963952f2fba59dd06f2b425ace40b492fe,0xcfd4176f7975c70f800d87aeaca316270521595a,39350.00061752942,1,0.0,True,True,2023-08-16T18:06:47Z
440,0x0d0707963952f2fba59dd06f2b425ace40b492fe,0xcfd4176f7975c70f800d87aeaca316270521595a,39244.00061586593,1,0.0,True,True,2023-08-16T18:28:47Z
441,0x0d0707963952f2fba59dd06f2b425ace40b492fe,0xcfd4176f7975c70f800d87aeaca316270521595a,39332.00061724694,1,0.0,True,True,2023-08-16T19:35:35Z
442,0x0d0707963952f2fba59dd06f2b425ace40b492fe,0xcfd4176f7975c70f800d87aeaca316270521595a,39238.00061577178,1,0.0,True,True,2023-08-17T01:46:35Z
443,0x0d0707963952f2fba59dd06f2b425ace40b492fe,0xcfd4176f7975c70f800d87aeaca316270521595a,35607.00055878958,1,0.0,True,True,2023-08-17T02:58:47Z
444,0x0d0707963952f2fba59dd06f2b425ace40b492fe,0xcfd4176f7975c70f800d87aeaca316270521595a,35619.0005589779,1,0.0,True,True,2023-08-17T03:39:35Z
445,0x0d0707963952f2fba59dd06f2b425ace40b492fe,0xcfd4176f7975c70f800d87aeaca316270521595a,39079.00061327654,1,0.0,True,True,2023-08-17T03:52:47Z
446,0x0d0707963952f2fba59dd06f2b425ace40b492fe,0xcfd4176f7975c70f800d87aeaca316270521595a,28277.000443758054,1,0.0,True,True,2023-08-17T06:54:11Z
447,0x6cdf94520d00ef13b9b56f3815107b9529b8957b,0x0d0707963952f2fba59dd06f2b425ace40b492fe,109184.0017134519,1,0.0,True,True,2023-08-17T01:23:11Z
448,0x0d0707963952f2fba59dd06f2b425ace40b492fe,0xcfd4176f7975c70f800d87aeaca316270521595a,21436.000336400524,1,0.0,True,True,2023-08-17T08:58:35Z
449,0x0d0707963952f2fba59dd06f2b425ace40b492fe,0xcfd4176f7975c70f800d87aeaca316270521595a,35669.000559762564,1,0.0,True,True,2023-08-17T11:15:23Z
450,0x0d0707963952f2fba59dd06f2b425ace40b492fe,0xcfd4176f7975c70f800d87aeaca316270521595a,35818.00056210086,1,0.0,True,True,2023-08-17T11:30:47Z
451,0x0d0707963952f2fba59dd06f2b425ace40b492fe,0xcfd4176f7975c70f800d87aeaca316270521595a,28948.000454288223,1,0.0,True,True,2023-08-17T11:33:23Z
452,0x0d0707963952f2fba59dd06f2b425ace40b492fe,0xcfd4176f7975c70f800d87aeaca316270521595a,29228.00045868233,1,0.0,True,True,2023-08-17T12:39:35Z
453,0x0d0707963952f2fba59dd06f2b425ace40b492fe,0xcfd4176f7975c70f800d87aeaca316270521595a,21835.00034266213,1,0.0,True,True,2023-08-17T12:46:47Z
454,0x0d0707963952f2fba59dd06f2b425ace40b492fe,0xcfd4176f7975c70f800d87aeaca316270521595a,21943.000344357,1,0.0,True,True,2023-08-17T14:52:35Z
455,0x0d0707963952f2fba59dd06f2b425ace40b492fe,0xcfd4176f7975c70f800d87aeaca316270521595a,22071.000346365738,1,0.0,True,True,2023-08-17T15:02:11Z
456,0x0d0707963952f2fba59dd06f2b425ace40b492fe,0xcfd4176f7975c70f800d87aeaca316270521595a,22732.00035673898,1,0.0,True,True,2023-08-17T18:51:11Z
457,0x0d0707963952f2fba59dd06f2b425ace40b492fe,0xcfd4176f7975c70f800d87aeaca316270521595a,37762.000592608536,1,0.0,True,True,2023-08-17T18:58:59Z
458,0x0d0707963952f2fba59dd06f2b425ace40b492fe,0xcfd4176f7975c70f800d87aeaca316270521595a,37848.00059395816,1,0.0,True,True,2023-08-17T20:14:47Z
459,0x0d0707963952f2fba59dd06f2b425ace40b492fe,0xcfd4176f7975c70f800d87aeaca316270521595a,19792.00031060082,1,0.0,True,True,2023-08-17T20:24:35Z
460,0x0d0707963952f2fba59dd06f2b425ace40b492fe,0xcfd4176f7975c70f800d87aeaca316270521595a,23094.00036241993,1,0.0,True,True,2023-08-17T20:48:35Z
461,0x0d0707963952f2fba59dd06f2b425ace40b492fe,0xcfd4176f7975c70f800d87aeaca316270521595a,22779.00035747656,1,0.0,True,True,2023-08-17T21:10:59Z
462,0x0d0707963952f2fba59dd06f2b425ace40b492fe,0xcfd4176f7975c70f800d87aeaca316270521595a,30830.00048382292,1,0.0,True,True,2023-08-17T23:57:59Z
463,0x0d0707963952f2fba59dd06f2b425ace40b492fe,0xcfd4176f7975c70f800d87aeaca316270521595a,38345.0006017577,1,0.0,True,True,2023-08-18T03:41:59Z
464,0x0d0707963952f2fba59dd06f2b425ace40b492fe,0xcfd4176f7975c70f800d87aeaca316270521595a,22988.00036075645,1,0.0,True,True,2023-08-18T04:14:47Z
465,0x0d0707963952f2fba59dd06f2b425ace40b492fe,0xcfd4176f7975c70f800d87aeaca316270521595a,22887.00035917143,1,0.0,True,True,2023-08-18T05:39:47Z
466,0x4e4be94266681284c2bb51e89a8074539d19e8d3,0x0d0707963952f2fba59dd06f2b425ace40b492fe,126468.63218745116,1,0.0,True,True,2023-08-18T02:25:23Z
467,0x0d0707963952f2fba59dd06f2b425ace40b492fe,0xcfd4176f7975c70f800d87aeaca316270521595a,22804.00035786889,1,0.0,True,True,2023-08-18T08:39:23Z
468,0x0d0707963952f2fba59dd06f2b425ace40b492fe,0xcfd4176f7975c70f800d87aeaca316270521595a,22701.000356252483,1,0.0,True,True,2023-08-18T09:57:59Z
469,0x0d0707963952f2fba59dd06f2b425ace40b492fe,0xcfd4176f7975c70f800d87aeaca316270521595a,22730.00035670759,1,0.0,True,True,2023-08-18T10:03:11Z
470,0x0d0707963952f2fba59dd06f2b425ace40b492fe,0xcfd4176f7975c70f800d87aeaca316270521595a,22869.000358888952,1,0.0,True,True,2023-08-18T10:35:35Z
471,0x0d0707963952f2fba59dd06f2b425ace40b492fe,0xcfd4176f7975c70f800d87aeaca316270521595a,23122.000362859344,1,0.0,True,True,2023-08-18T11:23:35Z
472,0x0d0707963952f2fba59dd06f2b425ace40b492fe,0xcfd4176f7975c70f800d87aeaca316270521595a,35495.00055703194,1,0.0,True,True,2023-08-18T21:08:47Z
473,0x0d0707963952f2fba59dd06f2b425ace40b492fe,0xcfd4176f7975c70f800d87aeaca316270521595a,22636.000355232427,1,0.0,True,True,2023-08-18T23:27:47Z
474,0x0d0707963952f2fba59dd06f2b425ace40b492fe,0x17194e2a2c37a5808ea222be44248e3e09ca68f0,443.0000069521101,1,0.0,True,True,2023-08-19T02:33:35Z
475,0x0d0707963952f2fba59dd06f2b425ace40b492fe,0x78652687825dd3dbf5d5c2490efbea96ea97024b,59.000000925901794,1,0.0,True,True,2023-08-19T01:43:35Z
476,0x0d0707963952f2fba59dd06f2b425ace40b492fe,0x78652687825dd3dbf5d5c2490efbea96ea97024b,6.000000094159505,1,0.0,True,True,2023-08-19T02:58:47Z
477,0x0d0707963952f2fba59dd06f2b425ace40b492fe,0x78652687825dd3dbf5d5c2490efbea96ea97024b,7469.379489218844,1,0.0,True,True,2023-08-19T03:06:35Z
478,0x0d0707963952f2fba59dd06f2b425ace40b492fe,0xcfd4176f7975c70f800d87aeaca316270521595a,22719.00035653496,1,0.0,True,True,2023-08-19T00:26:35Z
479,0x0d0707963952f2fba59dd06f2b425ace40b492fe,0xcfd4176f7975c70f800d87aeaca316270521595a,22950.000360160106,1,0.0,True,True,2023-08-19T02:01:23Z
480,0x0d0707963952f2fba59dd06f2b425ace40b492fe,0xcfd4176f7975c70f800d87aeaca316270521595a,22827.00035822984,1,0.0,True,True,2023-08-19T02:49:47Z
481,0x0d0707963952f2fba59dd06f2b425ace40b492fe,0xcfd4176f7975c70f800d87aeaca316270521595a,30318.00047578798,1,0.0,True,True,2023-08-19T03:41:35Z
482,0x6cdf94520d00ef13b9b56f3815107b9529b8957b,0x0d0707963952f2fba59dd06f2b425ace40b492fe,20386.00031992261,1,0.0,True,True,2023-08-19T05:23:11Z
483,0x0d0707963952f2fba59dd06f2b425ace40b492fe,0x1148127601f0cacf3ae006e730e55f60ca5d54c0,499940.0078456838,1,0.0,True,True,2023-08-19T10:43:59Z
484,0x0d0707963952f2fba59dd06f2b425ace40b492fe,0xce5ffd092f9dea0b423542aba5c322624b7d2129,5589.379977715541,1,0.0,True,True,2023-08-19T11:37:59Z
485,0x6cdf94520d00ef13b9b56f3815107b9529b8957b,0x0d0707963952f2fba59dd06f2b425ace40b492fe,144792.00227225717,1,0.0,True,True,2023-08-19T13:21:35Z
486,0x13307b8854a95946b54a904100afd0767a7a577b,0x0d0707963952f2fba59dd06f2b425ace40b492fe,23926.39645178324,1,0.0,True,True,2023-08-19T20:21:11Z
487,0x0d0707963952f2fba59dd06f2b425ace40b492fe,0x17194e2a2c37a5808ea222be44248e3e09ca68f0,1393.151952863083,1,0.0,True,True,2023-08-20T01:04:47Z
488,0x0d0707963952f2fba59dd06f2b425ace40b492fe,0xcfd4176f7975c70f800d87aeaca316270521595a,34646.00054370837,1,0.0,True,True,2023-08-20T07:25:35Z
489,0x0d0707963952f2fba59dd06f2b425ace40b492fe,0xcfd4176f7975c70f800d87aeaca316270521595a,22188.00034820185,1,0.0,True,True,2023-08-20T07:30:35Z
490,0x0d0707963952f2fba59dd06f2b425ace40b492fe,0xcfd4176f7975c70f800d87aeaca316270521595a,22268.00034945731,1,0.0,True,True,2023-08-20T07:42:23Z
491,0x13307b8854a95946b54a904100afd0767a7a577b,0x0d0707963952f2fba59dd06f2b425ace40b492fe,18384.39037672577,1,0.0,True,True,2023-08-20T02:21:11Z
492,0x6cdf94520d00ef13b9b56f3815107b9529b8957b,0x0d0707963952f2fba59dd06f2b425ace40b492fe,184263.00289168544,1,0.0,True,True,2023-08-20T00:21:35Z
493,0x0d0707963952f2fba59dd06f2b425ace40b492fe,0xcfd4176f7975c70f800d87aeaca316270521595a,22290.00034980256,1,0.0,True,True,2023-08-20T08:17:59Z
494,0x13307b8854a95946b54a904100afd0767a7a577b,0x0d0707963952f2fba59dd06f2b425ace40b492fe,38058.82858553506,1,0.0,True,True,2023-08-20T13:21:23Z
495,0x0d0707963952f2fba59dd06f2b425ace40b492fe,0x1148127601f0cacf3ae006e730e55f60ca5d54c0,599945.0094150873,1,0.0,True,True,2023-08-20T22:36:35Z
496,0x4e4be94266681284c2bb51e89a8074539d19e8d3,0x0d0707963952f2fba59dd06f2b425ace40b492fe,126017.89051133709,1,0.0,True,True,2023-08-20T21:22:11Z
497,0x6cdf94520d00ef13b9b56f3815107b9529b8957b,0x0d0707963952f2fba59dd06f2b425ace40b492fe,168272.00264073472,1,0.0,True,True,2023-08-20T21:22:11Z
498,0x13307b8854a95946b54a904100afd0767a7a577b,0x0d0707963952f2fba59dd06f2b425ace40b492fe,23769.366540855783,1,0.0,True,True,2023-08-22T20:21:11Z
499,0x4e4be94266681284c2bb51e89a8074539d19e8d3,0x0d0707963952f2fba59dd06f2b425ace40b492fe,115990.89274273264,1,0.0,True,True,2023-08-22T19:21:47Z
500,0x0d0707963952f2fba59dd06f2b425ace40b492fe,0xcfd4176f7975c70f800d87aeaca316270521595a,66527.00104402489,1,0.0,True,True,2023-08-23T05:35:23Z
501,0x6cdf94520d00ef13b9b56f3815107b9529b8957b,0x0d0707963952f2fba59dd06f2b425ace40b492fe,205227.0032206788,1,0.0,True,True,2023-08-23T01:20:59Z
502,0xd0980a3df97e668d05a1f779e501444cd2981da8,0x0d0707963952f2fba59dd06f2b425ace40b492fe,500000.0078466254,1,0.0,True,True,2023-08-23T02:20:59Z
503,0x0d0707963952f2fba59dd06f2b425ace40b492fe,0xcfd4176f7975c70f800d87aeaca316270521595a,66393.001041922,1,0.0,True,True,2023-08-23T08:11:35Z
504,0x0d0707963952f2fba59dd06f2b425ace40b492fe,0x1148127601f0cacf3ae006e730e55f60ca5d54c0,499942.0078457152,1,0.0,True,True,2023-08-23T21:06:23Z
505,0x0d0707963952f2fba59dd06f2b425ace40b492fe,0xcfd4176f7975c70f800d87aeaca316270521595a,55056.00086400761,1,0.0,True,True,2023-08-23T23:35:23Z
506,0x0d0707963952f2fba59dd06f2b425ace40b492fe,0xcfd4176f7975c70f800d87aeaca316270521595a,66111.0010374965,1,0.0,True,True,2023-08-24T01:47:35Z
507,0x6cdf94520d00ef13b9b56f3815107b9529b8957b,0x0d0707963952f2fba59dd06f2b425ace40b492fe,114910.00180331146,1,0.0,True,True,2023-08-24T03:21:23Z
508,0x0d0707963952f2fba59dd06f2b425ace40b492fe,0x91df2d4a3061930196915d2352016e6ff8eb2f69,2278.474735756675,1,0.0,True,True,2023-08-24T22:30:35Z
509,0x0d0707963952f2fba59dd06f2b425ace40b492fe,0x1148127601f0cacf3ae006e730e55f60ca5d54c0,799928.0125534707,1,0.0,True,True,2023-08-25T03:37:35Z
510,0x0d0707963952f2fba59dd06f2b425ace40b492fe,0xcfd4176f7975c70f800d87aeaca316270521595a,66007.0010358644,1,0.0,True,True,2023-08-25T02:20:23Z
511,0x6cdf94520d00ef13b9b56f3815107b9529b8957b,0x0d0707963952f2fba59dd06f2b425ace40b492fe,49481.00077651774,1,0.0,True,True,2023-08-25T04:21:11Z
512,0x519a720410c9f959bd01e4fb4eab029e69531d73,0x0d0707963952f2fba59dd06f2b425ace40b492fe,105503.11575568684,1,0.0,True,True,2023-08-25T11:21:23Z
513,0x13307b8854a95946b54a904100afd0767a7a577b,0x0d0707963952f2fba59dd06f2b425ace40b492fe,50719.975791092256,1,0.0,True,True,2023-08-25T22:20:47Z
514,0x6cdf94520d00ef13b9b56f3815107b9529b8957b,0x0d0707963952f2fba59dd06f2b425ace40b492fe,105438.001654665,1,0.0,True,True,2023-08-26T01:21:23Z
515,0x0d0707963952f2fba59dd06f2b425ace40b492fe,0xcfd4176f7975c70f800d87aeaca316270521595a,50095.0007861534,1,0.0,True,True,2023-08-27T00:17:35Z
516,0x0d0707963952f2fba59dd06f2b425ace40b492fe,0xd595f95901dc69adc24aad9c4a6fe9233848a384,2825.733744344948,1,0.0,True,True,2023-08-27T16:07:35Z
517,0x0d0707963952f2fba59dd06f2b425ace40b492fe,0xcfd4176f7975c70f800d87aeaca316270521595a,51320.00080537763,1,0.0,True,True,2023-08-29T01:20:23Z
518,0x0d0707963952f2fba59dd06f2b425ace40b492fe,0xcfd4176f7975c70f800d87aeaca316270521595a,51575.00080937941,1,0.0,True,True,2023-08-29T08:22:23Z
519,0x0d0707963952f2fba59dd06f2b425ace40b492fe,0xcfd4176f7975c70f800d87aeaca316270521595a,51756.000812219885,1,0.0,True,True,2023-08-29T08:38:35Z
520,0x0d0707963952f2fba59dd06f2b425ace40b492fe,0xcfd4176f7975c70f800d87aeaca316270521595a,57517.00090262871,1,0.0,True,True,2023-08-29T10:57:35Z
521,0x0d0707963952f2fba59dd06f2b425ace40b492fe,0x1148127601f0cacf3ae006e730e55f60ca5d54c0,999937.015692262,1,0.0,True,True,2023-08-29T23:00:23Z
522,0x0d0707963952f2fba59dd06f2b425ace40b492fe,0xcfd4176f7975c70f800d87aeaca316270521595a,65381.00102604043,1,0.0,True,True,2023-08-29T17:44:23Z
523,0x0d0707963952f2fba59dd06f2b425ace40b492fe,0xcfd4176f7975c70f800d87aeaca316270521595a,56281.00088323185,1,0.0,True,True,2023-08-30T03:59:35Z
524,0x0d0707963952f2fba59dd06f2b425ace40b492fe,0xcfd4176f7975c70f800d87aeaca316270521595a,50795.00079713868,1,0.0,True,True,2023-08-30T05:55:23Z
